STATE_NAME,DISTRICT_NAME,PMGSY_SCHEME,NO_OF_ROAD_WORK_SANCTIONED,NO_OF_BRIDGES_SANCTIONED,NO_OF_ROAD_WORKS_COMPLETED,NO_OF_BRIDGES_COMPLETED,NO_OF_ROAD_WORKS_BALANCE,NO_OF_BRIDGES_BALANCE,LENGTH_OF_ROAD_WORK_SANCTIONED_KM,COST_OF_WORKS_SANCTIONED_LAKHS,LENGTH_OF_ROAD_WORK_COMPLETED_KM,EXPENDITURE_OCCURED_LAKHS,LENGTH_OF_ROAD_WORK_BALANCE_KM
"Andaman And Nicobar","North and Middle Andaman",PMGSY-III,14,0,0,0,14,0,69.756,82.6236,0,0,69.756
"Andhra Pradesh","Alluri Sitharama Raju",RCPLWEA,124,34,101,26,23,8,1084.885,827.64173,794.164,551.2687,268.01
"Andhra Pradesh",Anakapalli,PMGSY-I,195,8,195,8,0,0,483.715,158.0745,465.672,140.341,0
"Andhra Pradesh",Anakapalli,PMGSY-II,5,0,5,0,0,0,34.62,21.309,31.291,16.1277,0
"Andhra Pradesh",Annamayya,PMGSY-I,144,6,144,6,0,0,495.735,106.8891,479.78,101.3144,0
"Andhra Pradesh","Dr BR Ambedkar Konaseema",PMGSY-III,11,1,11,1,0,0,76.433,48.80619,74.461,44.6505,0
"Andhra Pradesh","East Godavari",PMGSY-II,6,0,6,0,0,0,42.9,18.4807,41.22,15.4279,0
"Andhra Pradesh",Eluru,PMGSY-III,12,2,9,0,3,2,75.097,48.8486,61.66,36.1758,11.16
"Andhra Pradesh",Guntur,PMGSY-II,4,0,4,0,0,0,35.1,17.3794,34.839,13.8579,0
"Andhra Pradesh",Kakinada,PMGSY-I,121,1,121,1,0,0,278.7,48.8651,267.2,40.8587,0
"Andhra Pradesh",Kakinada,PMGSY-III,12,1,11,0,1,1,87.62,47.5397,84.102,39.0525,1.3
"Andhra Pradesh",Krishna,PMGSY-III,16,6,7,0,9,6,95.023,115.75985,56.305,47.7937,36.476
"Andhra Pradesh",Kurnool,PMGSY-II,9,1,9,1,0,0,65.66,28.5085,65.021,26.8076,0
"Andhra Pradesh",Ntr,PMGSY-III,6,2,4,0,2,2,47.028,28.8447,28.135,15.6739,17.338
"Andhra Pradesh",Palnadu,PMGSY-III,15,4,12,0,3,4,102.686,116.83499,89.892,74.5294,9.381
"Andhra Pradesh","Parvathipuram Manyam",PM-JANMAN,19,0,0,0,19,0,38.65,39.56477,0,0,38.65
"Andhra Pradesh",Vizianagaram,PMGSY-III,20,1,18,0,2,1,151.508,85.8204,136.752,69.995,7.44
"Andhra Pradesh",Vizianagaram,PM-JANMAN,3,0,0,0,3,0,15.6,16.3,0,0,15.6
"Arunachal Pradesh","Dibang Valley",PMGSY-II,9,0,9,0,0,0,51.81,46.95383,51.81,46.6464,0
"Arunachal Pradesh",Kamale,PMGSY-I,24,5,24,5,0,0,307.16,212.0949,310.66,214.0637,0
"Arunachal Pradesh","Kurung Kumey",PMGSY-I,60,29,51,23,9,6,963.789,900.1091,876.729,857.292,89.99
"Arunachal Pradesh","Lepa Rada",PMGSY-III,3,0,0,0,3,0,33.8,33.7404,22.5,14.0942,11.3
"Arunachal Pradesh",Lohit,PMGSY-III,7,6,1,1,6,5,54.01,85.4743,8,28.7466,46.01
"Arunachal Pradesh","Pakke kessang",PMGSY-I,16,3,16,3,0,0,184.28,123.1649,184.28,124.052,0
"Arunachal Pradesh","Pakke kessang",PMGSY-III,3,2,0,0,3,2,16.95,23.2813,6.85,8.4284,10.1
"Arunachal Pradesh","Papum Pare",PMGSY-III,12,12,0,0,12,12,109.62,158.12207,18.45,61.5736,91.17
"Arunachal Pradesh",Siang,PMGSY-I,57,1,56,1,1,0,467.5,305.1432,442.27,289.3251,28.1
"Arunachal Pradesh",Tirap,PMGSY-III,5,0,3,0,2,0,52.42,40.65915,29.5,16.1825,22.92
"Arunachal Pradesh","Upper Siang",PMGSY-III,4,0,1,0,3,0,27.1,23.69925,5.4,2.8912,21.7
"Arunachal Pradesh","West Kameng",PMGSY-III,10,0,3,0,7,0,72.3,53.7646,31.004,27.7571,41.1
Assam,Baksa,PMGSY-I,300,57,297,55,3,2,1007.206,667.20473,1002.424,698.9472,2.77
Assam,Dhemaji,PMGSY-III,13,2,10,1,3,1,87.604,49.67692,72.93,35.6293,14.674
Assam,Dhubri,PMGSY-III,36,5,33,0,3,5,222.777,221.01408,211.94,192.537,9.387
Assam,"Kamrup Rural",PMGSY-I,766,133,766,133,0,0,2220.377,1471.67112,2209.175,1621.5809,0
Assam,Kokrajhar,PMGSY-I,220,33,220,33,0,0,735.645,586.70618,734.945,589.5758,0
Assam,Lakhimpur,PMGSY-II,10,2,10,2,0,0,51.94,33.96306,51.94,32.548,0
Assam,Nalbari,PMGSY-I,207,21,207,21,0,0,535.042,290.16332,535.456,300.3734,0
Assam,Nowgaon,PMGSY-I,862,46,862,46,0,0,2200.263,1158.28563,2191.611,1238.8295,0
Assam,Nowgaon,PMGSY-II,18,5,18,5,0,0,134.856,93.0606,130.503,85.1938,0
Assam,Sibsagar,PMGSY-I,530,31,530,31,0,0,1287.658,658.33483,1270.561,727.819,0
Assam,Tinsukia,PMGSY-III,18,3,17,3,1,0,140.04,95.80004,139.35,90.2989,0.23
Assam,Udalguri,PMGSY-I,172,78,172,78,0,0,785.389,599.83257,785.255,635.6597,0
Assam,Udalguri,PMGSY-II,5,1,5,1,0,0,27.736,25.7462,27.736,27.6353,0
Assam,Udalguri,PMGSY-III,9,0,9,0,0,0,63.36,54.9087,63.36,56.9186,0
Bihar,Arwal,PMGSY-I,160,4,158,4,2,0,360.407,163.48724,335.572,148.3821,0.826
Bihar,Banka,RCPLWEA,11,16,11,16,0,0,183.075,272.19727,181.293,218.2678,0
Bihar,Begusarai,PMGSY-I,258,7,257,7,1,0,747.741,410.38037,724.06,298.7958,0.07
Bihar,Bhojpur,PMGSY-I,386,4,381,4,5,0,1106.624,566.29681,1060.341,500.85,17.796
Bihar,Bhojpur,PMGSY-II,2,0,2,0,0,0,26.025,10.6814,25.625,11.3167,0
Bihar,Buxar,PMGSY-III,4,0,3,0,1,0,48.477,37.10216,27.908,15.2034,19.525
Bihar,"East Champaran",PMGSY-II,15,0,15,0,0,0,51.742,22.1739,51.742,24.1707,0
Bihar,Gopalganj,PMGSY-I,273,3,273,3,0,0,1150.732,636.65499,1137.65,615.0024,0
Bihar,Gopalganj,PMGSY-II,5,0,5,0,0,0,27.145,13.59418,27.145,14.1035,0
Bihar,Jahanabad,PMGSY-II,5,0,5,0,0,0,36.965,13.50654,36.741,17.5317,0
Bihar,Jahanabad,PMGSY-III,5,0,4,0,1,0,46.094,26.11107,43.6,27.8212,2.497
Bihar,Jamui,RCPLWEA,22,18,14,18,8,0,414.657,549.95709,346.487,441.7568,66.206
Bihar,Jamui,PMGSY-III,3,0,3,0,0,0,18.262,8.97371,18.261,6.7129,0
Bihar,Katihar,PMGSY-I,378,52,374,46,4,6,1363.269,803.89291,1312.976,768.7923,2.065
Bihar,Kishanganj,PMGSY-III,60,108,22,29,38,79,511.419,800.10631,254.365,399.1047,249.155
Bihar,Lakhisarai,RCPLWEA,1,0,1,0,0,0,16.415,14.40069,16.415,13.7912,0
Bihar,Lakhisarai,PMGSY-III,1,0,1,0,0,0,5.858,2.35617,5.858,1.7734,0
Bihar,Madhepura,PMGSY-I,238,18,236,18,2,0,784.482,503.51779,756.131,435.3384,0
Bihar,Madhubani,PMGSY-II,12,0,12,0,0,0,85.31,38.44442,84.653,39.0325,0
Bihar,Madhubani,PMGSY-III,20,14,16,4,4,10,212.08,234.33669,175.457,173.2092,31.815
Bihar,Nawada,PMGSY-III,2,0,2,0,0,0,15.775,10.59852,15.333,6.4936,0
Bihar,Patna,PMGSY-III,13,1,12,0,1,1,85.585,62.87895,78.36,53.9798,6.22
Bihar,Rohtas,PMGSY-III,13,0,12,0,1,0,104.417,68.52202,100.702,47.6098,1.805
Bihar,Samastipur,PMGSY-I,671,8,665,7,6,1,1881.119,959.91127,1839.759,604.4241,12.365
Bihar,Siwan,PMGSY-I,501,4,501,4,0,0,1475.376,732.8235,1454.725,653.9316,0
Chhattisgarh,Balod,PMGSY-I,214,23,214,23,0,0,832.175,280.70689,782.525,266.796,0
Chhattisgarh,Balodabazar,PMGSY-II,7,0,7,0,0,0,90.31,57.6072,88.072,44.2343,0
Chhattisgarh,Balrampur,PMGSY-III,17,2,17,2,0,0,188.595,94.09783,187.605,77.7054,0
Chhattisgarh,Balrampur,PM-JANMAN,113,17,8,0,105,17,374.63,306.6963,105.34,0,268.865
Chhattisgarh,Bemetra,PMGSY-I,149,1,149,1,0,0,643.02,173.8472,622.989,178.6295,0
Chhattisgarh,Bijapur,RCPLWEA,17,7,5,1,12,6,352.8,292.68083,78.4,60.7591,274.85
Chhattisgarh,Dhamtari,PMGSY-II,9,0,9,0,0,0,123.6,70.3733,123.725,72.6311,0
Chhattisgarh,Gariaband,PMGSY-II,5,0,5,0,0,0,77.09,46.5609,76.315,49.3132,0
Chhattisgarh,Gariaband,PMGSY-III,19,15,19,6,0,9,227.08,124.8281,227.08,98.2253,0
Chhattisgarh,"Gaurella Pendra Marwahi",PMGSY-II,5,0,5,0,0,0,65.615,46.60519,66.12,46.5148,0
Chhattisgarh,Jangir-Champa,PMGSY-II,14,0,14,0,0,0,128.018,87.62729,127.665,66.1556,0
Chhattisgarh,Kanker,PMGSY-I,498,28,491,28,7,0,2116.309,840.3478,2070.71,906.9272,19.05
Chhattisgarh,Koria,PMGSY-I,228,24,228,24,0,0,1249.56,400.405,1237.032,414.0229,0
Chhattisgarh,Mungeli,PMGSY-II,6,0,6,0,0,0,65.62,53.4757,65.62,47.6639,0
Chhattisgarh,Mungeli,PM-JANMAN,4,0,1,0,3,0,11.25,7.33941,3.9,0,7.35
Chhattisgarh,Narayanpur,PMGSY-III,1,0,1,0,0,0,10,10.1972,10,9.4707,0
Chhattisgarh,Narayanpur,PM-JANMAN,22,3,3,0,19,3,144.036,136.31232,13.62,0,130.416
Chhattisgarh,Rajnandgaon,RCPLWEA,54,22,50,10,4,12,415.825,308.05882,384.674,239.0304,21.6
Chhattisgarh,Sukma,RCPLWEA,46,0,13,0,33,0,452.555,257.6045,172.525,128.6269,280.03
Chhattisgarh,Surguja,PM-JANMAN,91,20,8,0,83,20,338.392,363.71497,100.815,0,237.575
Goa,"North Goa",PMGSY-III,3,2,0,0,3,2,12.986,57.61523,0,0,12.986
Goa,"South Goa",PMGSY-III,7,0,0,0,7,0,49.63,44.43632,0,0,49.63
Gujarat,Ahmedabad,PMGSY-I,113,3,113,3,0,0,376.194,86.3174,376.192,84.6569,0
Gujarat,Amreli,PMGSY-III,8,0,8,0,0,0,69.903,39.7798,70.017,36.3576,0
Gujarat,Anand,PMGSY-III,9,4,9,0,0,4,87.41,53.87667,86.78,34.9782,0
Gujarat,Banaskantha,PMGSY-I,221,0,221,0,0,0,581.105,167.7729,571.986,169.3812,0
Gujarat,Bharuch,PMGSY-II,4,0,4,0,0,0,44.6,25.132,44.6,20.8079,0
Gujarat,Bhavnagar,PMGSY-I,59,0,59,0,0,0,147.345,24.7903,144.845,26.2212,0
Gujarat,Bhavnagar,PMGSY-II,4,0,4,0,0,0,52.08,24.4094,52.08,16.5053,0
Gujarat,Dahod,PMGSY-III,13,9,12,4,1,5,161.486,137.00261,148.926,105.0528,12
Gujarat,"Devbhumi Dwarka",PMGSY-II,1,0,1,0,0,0,8.8,4.9974,8.8,3.7629,0
Gujarat,"Devbhumi Dwarka",PMGSY-III,6,7,6,0,0,7,56.558,43.24876,56.2,39.0928,0
Gujarat,Kutch,PMGSY-II,4,0,4,0,0,0,57.24,43.8796,57.24,34.9572,0
Gujarat,Kutch,PMGSY-III,15,48,14,0,1,48,153.6,203.03993,143.384,112.318,8.8
Gujarat,Mahisagar,PMGSY-II,2,2,2,2,0,0,31.4,22.6813,30.63,17.9586,0
Gujarat,Mehsana,PMGSY-II,4,0,4,0,0,0,56.46,39.3364,56.46,30.9787,0
Gujarat,Morbi,PMGSY-I,42,0,42,0,0,0,98.4,12.2879,96.47,13.2127,0
Gujarat,Morbi,PMGSY-III,9,2,9,0,0,2,86.278,55.81509,86.27,39.4777,0
Gujarat,Narmada,PMGSY-I,74,3,74,3,0,0,271.39,78.4196,271.07,85.5156,0
Gujarat,Navsari,PMGSY-II,4,0,4,0,0,0,27.07,15.2419,27.074,13.2753,0
Gujarat,Panchmahals,PMGSY-III,11,8,11,0,0,8,101.73,108.88015,101.53,76.8306,0
Gujarat,Patan,PMGSY-I,76,0,76,0,0,0,175.4,42.1409,174.097,40.2023,0
Gujarat,Surat,PMGSY-I,155,0,155,0,0,0,443.89,103.6383,436.02,106.1618,0
Gujarat,Surat,PMGSY-II,6,3,6,3,0,0,53.89,34.6008,53.89,30.3906,0
Gujarat,Surendranagar,PMGSY-II,4,0,4,0,0,0,48.55,15.0042,48.65,12.7691,0
Gujarat,Valsad,PMGSY-II,2,0,2,0,0,0,11.06,5.991,11.06,6.8492,0
Gujarat,Valsad,PMGSY-III,10,4,10,0,0,4,87.453,59.18251,84.246,54.4255,0
Haryana,Ambala,PMGSY-I,22,0,22,0,0,0,171.07,50.3457,170.734,53.1038,0
Haryana,Ambala,PMGSY-II,5,0,5,0,0,0,54.055,53.3121,54.055,45.0251,0
Haryana,Fatehabad,PMGSY-I,18,0,18,0,0,0,205.46,67.7108,205.342,59.351,0
Haryana,Gurgaon,PMGSY-I,14,0,14,0,0,0,112.59,33.8266,112.595,33.8888,0
Haryana,Gurgaon,PMGSY-II,2,0,2,0,0,0,28.815,24.098,28.815,18.199,0
Haryana,Hisar,PMGSY-I,29,0,29,0,0,0,374.19,72.6718,373.615,70.1549,0
Haryana,Kaithal,PMGSY-II,3,0,3,0,0,0,40.73,32.2339,40.36,28.8621,0
Haryana,Kaithal,PMGSY-III,8,0,8,0,0,0,71.945,36.70425,71.046,33.5642,0
Haryana,Karnal,PMGSY-III,10,0,10,0,0,0,63.88,34.53308,61.406,28.7263,0
Haryana,Kurukshetra,PMGSY-II,5,0,5,0,0,0,42.44,28.9366,42.19,25.391,0
Haryana,Kurukshetra,PMGSY-III,10,0,10,0,0,0,93.27,35.2041,90.858,31.5763,0
Haryana,Mewat,PMGSY-I,12,0,12,0,0,0,136.56,47.271,136.58,47.7689,0
Haryana,Mewat,PMGSY-II,3,0,3,0,0,0,31.1,20.9209,31.1,15.7537,0
Haryana,Panchkula,PMGSY-II,1,0,1,0,0,0,6.4,4.1956,6.4,3.9212,0
Haryana,Panipat,PMGSY-I,23,0,23,0,0,0,247.775,90.7737,247.77,82.915,0
Haryana,Sonepat,PMGSY-I,20,0,20,0,0,0,209.625,82.9402,210.285,78.7516,0
Haryana,"Yamuna Nagar",PMGSY-I,16,0,16,0,0,0,192.87,66.2875,192.87,66.1965,0
Haryana,"Yamuna Nagar",PMGSY-II,5,0,5,0,0,0,53.24,56.8816,53.24,47.2958,0
"Himachal Pradesh",Mandi,PMGSY-II,20,0,20,0,0,0,229.33,186.4931,219.79,180.3911,0
"Himachal Pradesh",Sirmaur,PMGSY-II,7,0,7,0,0,0,77.03,53.3648,77.03,52.716,0
"Himachal Pradesh",Solan,PMGSY-I,184,1,184,1,0,0,1169.528,360.6669,1141.164,339.0741,0
"Himachal Pradesh",Una,PMGSY-I,181,23,181,23,0,0,988.735,382.4297,985.008,358.3812,0
"Jammu And Kashmir",Bandipora,PMGSY-III,6,0,5,0,1,0,24.861,19.8507,24.66,17.9372,0
"Jammu And Kashmir",Bandipora,NA,9,0,0,0,9,0,47.935,NA,0,0,47.935
"Jammu And Kashmir",Baramula,PMGSY-III,22,0,14,0,8,0,149,146.0136,124.96,121.4282,23.1
"Jammu And Kashmir",Doda,PMGSY-I,172,11,170,11,2,0,1656.558,1021.39496,1622.645,1022.2226,0.25
"Jammu And Kashmir",Doda,PMGSY-II,6,0,5,0,1,0,41.5,38.3902,38.9,32.9975,1.9
"Jammu And Kashmir",Ganderbal,PMGSY-II,3,0,3,0,0,0,14,12.9513,13.33,8.3173,0
"Jammu And Kashmir",Jammu,PMGSY-I,133,2,133,2,0,0,669.79,369.83915,647.281,330.4697,0
"Jammu And Kashmir",Jammu,NA,6,0,0,0,6,0,36.3,NA,0,0,36.3
"Jammu And Kashmir",Kulgam,PMGSY-II,4,0,4,0,0,0,21.55,27.004,18.69,17.7407,0
"Jammu And Kashmir",Pulwama,PMGSY-II,3,0,3,0,0,0,21,25.1151,21.183,20.2375,0
"Jammu And Kashmir",Pulwama,NA,14,0,0,0,14,0,54.22,NA,0,0,54.22
"Jammu And Kashmir",Ramban,PMGSY-II,1,0,1,0,0,0,3,2.1229,3,1.5182,0
"Jammu And Kashmir",Shopian,NA,3,0,0,0,3,0,9.1,NA,0,0,9.1
"Jammu And Kashmir",Udhampur,PMGSY-III,14,2,10,0,4,2,157.6,199.78726,101.195,110.0767,53.825
Jharkhand,Bokaro,PMGSY-II,7,0,7,0,0,0,73.066,31.50319,73.066,18.1113,0
Jharkhand,Chatra,PM-JANMAN,10,0,0,0,10,0,16.111,14.9148,1.385,0,14.726
Jharkhand,Dumka,PMGSY-I,452,20,452,20,0,0,1447.388,576.67061,1419.533,519.2694,0
Jharkhand,Godda,PMGSY-II,8,1,8,1,0,0,72.92,42.7545,71.892,36.6694,0
Jharkhand,Godda,PMGSY-III,17,4,0,0,17,4,157.77,113.9466,36.223,55.1693,121.547
Jharkhand,Gumla,PMGSY-III,23,6,21,0,2,6,219.8,137.51727,206.472,176.4803,9.67
Jharkhand,Khunti,PMGSY-I,329,14,329,14,0,0,1049.613,427.59383,1023.256,403.7562,0
Jharkhand,Koderma,PMGSY-I,78,6,78,6,0,0,398.911,143.08113,380.066,121.5654,0
Jharkhand,Koderma,PMGSY-III,11,2,10,0,1,2,85.308,52.33118,80.505,56.2733,5.695
Jharkhand,Latehar,PMGSY-II,7,0,7,0,0,0,48.4,34.75844,48.4,32.646,0
Jharkhand,Lohardaga,PMGSY-I,122,8,122,8,0,0,532.271,184.77132,518.791,183.4775,0
Jharkhand,Lohardaga,PMGSY-II,4,0,4,0,0,0,28.9,14.44132,28.9,9.9162,0
Jharkhand,Pakur,PMGSY-II,5,0,5,0,0,0,61.25,44.0773,60.308,34.0049,0
Jharkhand,Palamu,PMGSY-II,9,0,9,0,0,0,92.99,67.2765,93.32,60.9392,0
Jharkhand,"Pashchimi Singhbhum",PMGSY-III,31,2,12,1,19,1,287.737,167.92703,210.236,186.1852,77.494
Jharkhand,Ramgarh,PMGSY-II,3,0,3,0,0,0,42.7,26.83655,42.43,20.65,0
Jharkhand,Sahibganj,PMGSY-III,23,6,17,6,6,0,196.575,140.8152,156.71,145.9306,39.775
Jharkhand,Sahibganj,PM-JANMAN,68,0,0,0,68,0,216.065,187.25124,0,0,216.065
Jharkhand,Simdega,PMGSY-I,269,6,269,6,0,0,1035.664,365.31852,1001.908,383.7089,0
Karnataka,Bagalkot,PMGSY-II,8,0,8,0,0,0,69.78,30.3636,69.6,30.8468,0
Karnataka,Bagalkot,PMGSY-III,34,12,31,12,3,0,208.76,130.58325,200.594,132.8796,5.09
Karnataka,"Bangalore R",PMGSY-II,12,0,12,0,0,0,69.68,25.1195,68.603,25.6851,0
Karnataka,"Bangalore U",PMGSY-III,12,0,11,0,1,0,108.44,88.1428,106.74,74.4065,1.71
Karnataka,Belgaum,PMGSY-II,18,0,18,0,0,0,123.41,58.9269,120.54,58.9131,0
Karnataka,Davanagere,PMGSY-II,10,0,10,0,0,0,69.28,33.3206,67.03,33.6692,0
Karnataka,Dharwad,PMGSY-I,65,1,65,1,0,0,438.49,91.2239,438.295,103.9181,0
Karnataka,Gulbarga,PMGSY-I,87,7,87,7,0,0,746.158,146.7877,746.158,157.4206,0
Karnataka,Gulbarga,PMGSY-III,38,4,36,3,2,1,260.944,185.16889,248.397,181.2958,1.165
Karnataka,Kodagu,PMGSY-I,46,1,46,1,0,0,169.9,42.7033,169.9,50.2141,0
Karnataka,Koppal,PMGSY-II,7,0,7,0,0,0,70.2,21.3982,70.195,18.6394,0
Karnataka,Mandya,PMGSY-I,119,1,119,1,0,0,514.115,92.7478,514.115,97.7989,0
Karnataka,Mandya,PMGSY-II,11,0,11,0,0,0,70.27,24.5324,70.27,25.3148,0
Karnataka,Mysore,PMGSY-III,34,2,32,2,2,0,205.611,135.56569,200.661,133.5538,1.905
Kerala,Alappuzha,PMGSY-II,11,0,9,0,2,0,25.124,18.12222,20.102,11.6237,4.96
Kerala,Ernakulam,PMGSY-III,26,1,8,0,18,1,146.379,118.90189,71.038,49.1017,74.127
Kerala,Malappuram,PMGSY-II,12,0,12,0,0,0,46.897,31.51363,46.861,26.7286,0
Kerala,Malappuram,PMGSY-III,31,1,17,0,14,1,136.268,128.70604,93.42,66.806,42.817
Kerala,Thiruvananthapuram,PMGSY-I,175,0,174,0,1,0,282.963,127.6997,280.467,141.342,2.31
Kerala,Thrissur,PMGSY-I,113,0,113,0,0,0,229.874,82.2317,229.152,91.0409,0
Kerala,Thrissur,PMGSY-III,28,0,12,0,16,0,122.979,99.52075,58.093,47.374,64.03
"Madhya Pradesh",Agar,PMGSY-II,4,6,4,6,0,0,78.47,55.9781,77.614,50.1109,0
"Madhya Pradesh",Agar,PMGSY-III,16,17,16,16,0,1,151.774,133.7087,147.936,93.8301,0
"Madhya Pradesh",Anuppur,PMGSY-I,269,6,269,6,0,0,1093.975,308.0774,1065.674,294.2849,0
"Madhya Pradesh","Ashok Nagar",PMGSY-I,258,5,258,5,0,0,969.985,350.8048,922.727,327.6571,0
"Madhya Pradesh",Balaghat,RCPLWEA,35,43,16,29,19,14,337.47,477.24568,154.158,331.5042,178.75
"Madhya Pradesh",Chhatarpur,PMGSY-III,40,3,37,2,3,1,314.68,201.6332,305.163,144.7925,7.71
"Madhya Pradesh",Chhindwara,PMGSY-I,783,17,783,16,0,1,3177.794,1043.24909,3080.98,1024.3928,0
"Madhya Pradesh",Damoh,PMGSY-III,19,19,19,15,0,4,283.775,229.04376,275.94,187.9873,0
"Madhya Pradesh",Datia,PMGSY-I,222,2,222,2,0,0,813.455,235.85814,798.663,198.1627,0
"Madhya Pradesh",Dindori,PM-JANMAN,53,0,3,0,50,0,130.3,96.62192,26.68,0,103.6
"Madhya Pradesh",Gwalior,PMGSY-III,16,8,14,5,2,3,159.66,141.10122,149.524,98.5869,7.75
"Madhya Pradesh",Indore,PMGSY-I,186,33,186,33,0,0,652.707,312.78738,623.737,320.0987,0
"Madhya Pradesh",Jabalpur,PMGSY-I,298,14,298,13,0,1,1038.875,365.25971,988.98,356.4708,0
"Madhya Pradesh",Katni,PMGSY-I,280,7,280,6,0,1,999.498,292.26152,971.897,295.3199,0
"Madhya Pradesh",Khandwa,PMGSY-I,323,34,323,34,0,0,1300.552,455.78852,1185.083,409.7413,0
"Madhya Pradesh",Khargone,PMGSY-III,20,37,20,24,0,13,343.565,292.1011,341.215,206.7898,0
"Madhya Pradesh",Mandla,RCPLWEA,2,3,2,3,0,0,8.675,13.00472,8.627,12.7727,0
"Madhya Pradesh",Mauganj,PMGSY-I,30,1,30,1,0,0,144.5,35.1127,142.915,37.3952,0
"Madhya Pradesh",Mauganj,PMGSY-III,5,0,5,0,0,0,44.6,23.8148,44.271,16.169,0
"Madhya Pradesh",Morena,PMGSY-II,8,2,8,2,0,0,102.088,70.2807,101.687,56.8822,0
"Madhya Pradesh",Neemuch,PMGSY-II,3,2,3,2,0,0,56.46,42.4354,56.064,38.7124,0
"Madhya Pradesh",Raisen,PMGSY-III,30,17,29,12,1,5,276.24,242.95341,267.836,169.8959,0.35
"Madhya Pradesh",Rewa,PMGSY-I,426,16,426,15,0,1,1842.69,525.5304,1745.303,501.0964,0
"Madhya Pradesh",Sagar,PMGSY-I,519,24,519,22,0,2,1912.948,638.57422,1853.515,573.6503,0
"Madhya Pradesh",Sagar,PMGSY-III,35,32,31,16,4,16,456.143,441.51278,423.227,323.3214,23.545
"Madhya Pradesh",Satna,PMGSY-I,337,8,337,8,0,0,1262.27,341.1019,1212.203,303.2947,0
"Madhya Pradesh",Sehore,PMGSY-II,5,9,5,9,0,0,82.1,89.77582,79.476,80.1687,0
"Madhya Pradesh",Seoni,PMGSY-II,10,10,10,10,0,0,141.22,87.1031,138.426,73.8472,0
"Madhya Pradesh",Shahdol,PMGSY-II,4,0,4,0,0,0,77.265,48.40597,77.335,41.6618,0
"Madhya Pradesh",Shajapur,PMGSY-II,5,7,5,7,0,0,79.146,51.0444,78.981,49.5073,0
"Madhya Pradesh",Sheopur,PMGSY-III,15,18,14,16,1,2,162.54,159.64219,154.761,124.4008,4.99
"Madhya Pradesh",Shivpuri,PMGSY-I,526,13,526,13,0,0,2123.238,632.83899,2047.805,503.7602,0
"Madhya Pradesh",Ujjain,PMGSY-I,517,7,517,7,0,0,1882.956,653.51385,1836.344,657.7292,0
"Madhya Pradesh",Vidisha,PMGSY-I,369,4,369,4,0,0,1416.114,443.6099,1377.771,389.903,0
Maharashtra,Ahmednagar,PMGSY-I,203,15,202,15,1,0,1269.835,376.01638,1225.623,368.8257,0.56
Maharashtra,Akola,PMGSY-I,125,15,125,15,0,0,622.99,165.1223,607.89,162.5296,0
Maharashtra,Akola,PMGSY-III,10,0,10,0,0,0,116.01,97.90609,116.01,115.4128,0
Maharashtra,Beed,PMGSY-I,225,31,225,31,0,0,854.19,172.0928,845.04,176.1568,0
Maharashtra,Beed,PMGSY-II,12,9,12,9,0,0,101.72,68.0453,99.534,63.0521,0
Maharashtra,Buldhana,PMGSY-I,133,14,133,14,0,0,564.63,125.0043,564.63,126.5149,0
Maharashtra,Dhule,PMGSY-II,7,6,7,6,0,0,59.29,35.8535,59.29,30.0629,0
Maharashtra,Gadchiroli,PMGSY-I,272,50,272,48,0,2,1188.22,528.6053,1118.221,557.6774,0
Maharashtra,Gondia,PMGSY-II,13,1,13,1,0,0,86.81,49.5096,86.42,39.5875,0
Maharashtra,Jalgaon,PMGSY-II,18,3,18,3,0,0,115.52,56.6378,114.911,55.8172,0
Maharashtra,Jalna,PMGSY-II,9,4,9,4,0,0,49.95,37.4794,49.21,29.9556,0
Maharashtra,Kolhapur,PMGSY-II,12,0,12,0,0,0,70.77,34.5714,69.68,34.0056,0
Maharashtra,Nanded,PMGSY-II,15,5,15,5,0,0,107.23,64.4296,107.03,53.6438,0
Maharashtra,Nandurbar,PMGSY-I,194,28,191,28,3,0,1192.22,579.4886,1161.49,739.4476,13.37
Maharashtra,Nandurbar,PMGSY-II,5,1,5,1,0,0,39.55,19.0165,33.025,20.45,0
Maharashtra,Nashik,PM-JANMAN,3,0,0,0,3,0,3.46,3.3772,0,0,3.46
Maharashtra,Osmanabad,PMGSY-II,7,9,7,9,0,0,60.35,50.1433,60.3,47.0803,0
Maharashtra,Thane,PM-JANMAN,1,0,0,0,1,0,1.25,1.94269,0,0,1.25
Maharashtra,Wardha,PMGSY-II,5,2,5,2,0,0,41.95,25.1131,41.95,23.3738,0
Meghalaya,"East Garo Hills",PMGSY-II,12,0,12,0,0,0,49.9,37.62681,48.905,38.7953,0
Meghalaya,"East Garo Hills",PMGSY-III,15,8,0,0,15,8,93.738,114.14796,7.5,9.6967,86.238
Meghalaya,Jaintia,PMGSY-I,119,1,117,1,2,0,406.841,190.58205,390.968,172.3393,8.313
Meghalaya,Jaintia,PMGSY-II,10,1,10,0,0,1,58.889,39.38488,55.465,36.6595,0
Meghalaya,Ribhoi,PMGSY-II,6,0,6,0,0,0,36.298,21.58507,36.298,20.2853,0
Meghalaya,"West Khasi Hills",PMGSY-II,16,1,16,1,0,0,82.75,48.48534,82.75,45.6327,0
Meghalaya,"West Khasi Hills",PMGSY-III,22,6,3,0,19,6,195.116,238.92382,32.51,23.9793,162.606
Mizoram,Aizawl,PMGSY-II,1,0,1,0,0,0,46,76.221,46,75.3609,0
Mizoram,Aizawl,PMGSY-III,3,1,0,0,3,1,63.954,68.27208,64.15,2.5389,-0.196
Mizoram,Champhai,PMGSY-III,4,0,0,0,4,0,94.64,103.35239,16.87,13.9489,77.77
Mizoram,Lawngtlai,PMGSY-III,1,0,0,0,1,0,29.1,43.655,29.1,0,0
Mizoram,Lunglei,PMGSY-II,1,0,1,0,0,0,30.5,40.8027,30.2,38.4925,0
Mizoram,Saiha,PMGSY-I,41,0,41,0,0,0,638.51,346.0749,635.73,346.4661,0
Nagaland,Dimapur,PMGSY-I,25,2,25,2,0,0,238.51,53.1738,238.51,50.9683,0
Nagaland,Dimapur,PMGSY-II,1,0,1,0,0,0,12.7,11.1485,12.7,11.1208,0
Nagaland,Kohima,PMGSY-III,3,0,0,0,3,0,57.39,45.121,0,0,57.39
Nagaland,Longleng,PMGSY-I,15,2,15,2,0,0,192.5,43.2802,192.5,42.3356,0
Nagaland,Mokokchung,PMGSY-III,3,0,0,0,3,0,36.07,30.593,0,1.4988,36.07
Nagaland,Mon,PMGSY-III,7,0,0,0,7,0,91.13,92.6729,0,9.2956,91.13
Nagaland,Peren,PMGSY-III,1,0,0,0,1,0,21.03,17.0424,0,3.4344,21.03
Nagaland,Tseminyu,PMGSY-I,7,2,7,2,0,0,73,23.6553,73,23.9566,0
Nagaland,Tseminyu,PMGSY-II,1,0,1,0,0,0,19,17.4991,19,15.9156,0
Nagaland,Tseminyu,PMGSY-III,1,0,0,0,1,0,6,4.7399,0,0,6
Nagaland,Wokha,PMGSY-II,1,0,1,0,0,0,18,15.4289,18,15.5631,0
Odisha,Balangir,PMGSY-II,20,4,20,4,0,0,168.095,63.79086,164.485,53.508,0
Odisha,Bargarh,PMGSY-II,23,0,23,0,0,0,143.675,56.40737,140.469,48.4113,0
Odisha,Boudh,PMGSY-I,167,7,167,7,0,0,593.565,202.2419,552.904,186.9243,0
Odisha,Boudh,PMGSY-II,6,0,6,0,0,0,35.901,14.6532,35.71,13.4258,0
Odisha,Cuttack,PMGSY-II,38,0,38,0,0,0,176.735,82.10892,177.179,97.7685,0
Odisha,Deogarh,PM-JANMAN,4,0,1,0,3,0,24.67,22.0606,2.198,0,22.67
Odisha,Dhenkanal,PMGSY-III,35,0,35,0,0,0,286.46,181.3097,276.795,162.7647,0
Odisha,Ganjam,PMGSY-II,43,2,43,2,0,0,288.931,123.91889,287.349,113.585,0
Odisha,Kalahandi,PMGSY-II,33,8,33,8,0,0,152.462,106.4189,149.833,92.3227,0
Odisha,Kalahandi,PM-JANMAN,10,2,0,0,10,2,19.75,24.7942,0,0,19.75
Odisha,Kandhamal,PMGSY-II,27,0,27,0,0,0,144.974,58.3083,142.047,49.4905,0
Odisha,Kendrapara,PMGSY-III,40,0,28,0,12,0,255.151,150.9246,218.427,120.2489,31.843
Odisha,Keonjhar,PM-JANMAN,4,0,0,0,4,0,6.43,5.6012,0,0,6.43
Odisha,Koraput,PMGSY-I,904,40,901,40,3,0,3787.363,1917.56035,3635.624,1964.5065,2.707
Odisha,Koraput,RCPLWEA,19,2,18,0,1,2,146.768,140.64949,140.469,123.5026,5.087
Odisha,Mayurbhanj,PMGSY-III,117,14,111,14,6,0,780.786,515.18333,768.611,468.868,0.572
Odisha,Nuapara,PMGSY-I,307,6,307,6,0,0,1391.95,527.444,1369.974,492.7082,0
Odisha,Puri,PMGSY-II,24,0,24,0,0,0,126.72,54.52572,124.129,46.4256,0
Odisha,Rayagada,PMGSY-I,602,21,602,21,0,0,3094.46,1241.08408,2942.946,1280.1645,0
Odisha,Rayagada,RCPLWEA,1,0,1,0,0,0,1.8,1.29913,1.8,1.3596,0
Odisha,Sundargarh,PM-JANMAN,3,0,0,0,3,0,3.7,3.5727,0,0,3.7
Punjab,Amritsar,PMGSY-I,73,0,73,0,0,0,396.395,172.0362,395.96,158.7712,0
Punjab,"Fatehgarh Sahib",PMGSY-III,3,1,3,0,0,1,31.239,25.09418,31.239,19.0243,0
Punjab,Fazilka,PMGSY-I,54,0,54,0,0,0,355.07,133.6194,355.065,125.5614,0
Punjab,Fazilka,PMGSY-II,10,1,10,1,0,0,96.7,66.24525,96.6,62.361,0
Punjab,Ludhiana,PMGSY-II,12,0,12,0,0,0,132.74,83.1042,132.56,83.1156,0
Punjab,Moga,PMGSY-I,27,0,27,0,0,0,294.62,116.9546,294.62,108.2488,0
Punjab,Mohali,PMGSY-I,8,0,8,0,0,0,63.47,28.1931,62.97,25.1317,0
Punjab,Sangrur,PMGSY-I,52,0,52,0,0,0,499.49,217.7255,498.75,200.7852,0
Rajasthan,Ajmer,PMGSY-II,8,0,8,0,0,0,84.564,30.2538,84.564,23.3698,0
Rajasthan,Ajmer,PMGSY-III,18,3,18,0,0,3,211.211,151.16881,211.21,122.7307,0
Rajasthan,Alwar,PMGSY-II,10,0,10,0,0,0,76.44,29.7435,76.44,24.4709,0
Rajasthan,Baran,PMGSY-III,23,0,23,0,0,0,182.164,96.8485,182.562,83.4376,0
Rajasthan,Beawar,PMGSY-I,174,0,174,0,0,0,607.68,104.0071,593.4,92.2855,0
Rajasthan,Bharatpur,PMGSY-I,224,0,224,0,0,0,633.95,122.406,620.03,113.8762,0
Rajasthan,Bhilwara,PMGSY-III,30,0,30,0,0,0,253.947,148.16272,253.206,119.7457,0
Rajasthan,Bundi,PMGSY-I,282,1,282,1,0,0,1006.3,256.4899,989.736,241.6649,0
Rajasthan,Bundi,PMGSY-II,12,0,12,0,0,0,69.3,31.77,69.3,24.6884,0
Rajasthan,Churu,PMGSY-II,6,0,6,0,0,0,78.425,24.593,78.425,18.37,0
Rajasthan,Dholpur,PMGSY-II,5,0,5,0,0,0,42.8,17.2821,42.8,15.923,0
Rajasthan,"Didwana Kuchaman",PMGSY-III,15,0,15,0,0,0,141.75,90.3914,141.75,50.7508,0
Rajasthan,Jalor,PMGSY-I,591,0,591,0,0,0,2686.725,545.6174,2589.02,494.3969,0
Rajasthan,Jhalawar,PMGSY-II,11,0,11,0,0,0,82.2,33.0644,82.2,27.3474,0
Rajasthan,Jhalawar,PMGSY-III,13,0,13,0,0,0,104.398,48.5854,103.98,45.3376,0
Rajasthan,Jhunjhunun,PMGSY-II,16,0,16,0,0,0,112,73.1196,112.7,53.9314,0
Rajasthan,Jhunjhunun,PMGSY-III,29,0,29,0,0,0,213.025,128.0034,213.025,94.3531,0
Rajasthan,Jodhpur,PMGSY-II,9,1,9,1,0,0,94.7,46.4647,94.7,33.7623,0
Rajasthan,Karauli,PMGSY-I,284,3,284,3,0,0,980.215,212.9042,886.365,183.1236,0
Rajasthan,"Khairthal Tijara",PMGSY-I,181,0,181,0,0,0,455.68,80.9631,437.045,72.8551,0
Rajasthan,Nagaur,PMGSY-III,26,0,25,0,1,0,355.7,215.019,354.29,174.9941,0.3
Rajasthan,Pali,PMGSY-I,249,0,249,0,0,0,1100.43,204.174,1042.736,179.7651,0
Rajasthan,Pali,PMGSY-III,32,9,32,8,0,1,324.44,226.93041,322.45,179.6481,0
Rajasthan,Phalodi,PMGSY-II,4,0,4,0,0,0,45.3,14.9643,45.3,10.876,0
Rajasthan,Salumbar,PMGSY-I,377,6,377,6,0,0,1167.656,418.3223,1156.458,327.6348,0
Rajasthan,Salumbar,PMGSY-III,13,3,13,2,0,1,159.9,116.84105,158.9,86.2924,0
Rajasthan,Sawaimadhopur,PMGSY-I,282,0,282,0,0,0,1120.75,241.1723,1054.855,215.0191,0
Rajasthan,Sikar,PMGSY-II,11,0,11,0,0,0,111.89,58.14324,112.49,46.8423,0
Rajasthan,Sirohi,PMGSY-III,11,4,11,4,0,0,102.49,96.79097,100.49,75.7178,0
Rajasthan,"Sri Ganganagar",PMGSY-II,12,0,12,0,0,0,112.25,39.6163,112.25,29.3472,0
Rajasthan,Udaipur,PMGSY-I,1039,1,1039,1,0,0,3831.027,1170.45578,3717.126,971.3405,0
Sikkim,East,PMGSY-III,3,3,0,0,3,3,21.05,38.2148,14.15,7.6189,6.9
Sikkim,North,PMGSY-III,9,8,0,0,9,8,49.19,86.30697,2.1,18.1505,47.09
Sikkim,"West Sikkim",PMGSY-II,9,0,8,0,1,0,27.18,23.2758,26.48,20.5029,0.7
"Tamil Nadu",Dharmapuri,PMGSY-I,234,3,234,3,0,0,407.352,142.64677,406.367,116.9368,0
"Tamil Nadu",Dharmapuri,PMGSY-II,25,1,25,1,0,0,89.24,31.42687,89.18,31.9251,0
"Tamil Nadu",Dindigul,PMGSY-III,60,2,58,2,2,0,243.94,142.40797,240.28,130.634,0
"Tamil Nadu",Erode,PMGSY-III,43,0,43,0,0,0,167.667,85.5131,167.172,64.6937,0
"Tamil Nadu",Kallakurichi,PMGSY-III,42,4,41,1,1,3,158.214,112.13844,153.21,69.6829,4.87
"Tamil Nadu",Kanniyakumari,PMGSY-I,106,0,106,0,0,0,140.055,29.9809,135.943,18.8029,0
"Tamil Nadu",Nagapattinam,PMGSY-I,193,8,193,8,0,0,438.1,262.27358,435.949,244.6971,0
"Tamil Nadu",Nagapattinam,PMGSY-II,21,1,21,1,0,0,74.171,66.87174,74.171,72.8485,0
"Tamil Nadu",Perambalur,PMGSY-I,113,4,113,4,0,0,275.685,101.84375,275.395,92.0605,0
"Tamil Nadu",Perambalur,PMGSY-III,24,2,24,2,0,0,83.92,53.11626,83.92,46.186,0
"Tamil Nadu",Ramanathapuram,PMGSY-I,361,2,361,2,0,0,822.018,260.6557,819.181,240.7931,0
"Tamil Nadu",Ramanathapuram,PMGSY-III,64,4,58,0,6,4,282.344,196.38698,273.223,125.8053,4.19
"Tamil Nadu",Salem,PMGSY-I,304,5,304,5,0,0,630.305,184.66714,619.565,196.6479,0
"Tamil Nadu",Tenkasi,PMGSY-I,45,0,45,0,0,0,85.593,17.32462,85.593,12.8216,0
"Tamil Nadu",Theni,PMGSY-I,69,2,69,2,0,0,143.55,47.33271,138.51,33.0193,0
"Tamil Nadu",Tirupathur,PMGSY-I,83,0,83,0,0,0,150.546,38.27071,150.421,-69.0977,0
"Tamil Nadu",Tirupathur,PMGSY-II,4,0,4,0,0,0,7.024,3.312,7.024,3.8691,0
"Tamil Nadu",Tiruvannamalai,PMGSY-I,263,0,263,0,0,0,633.938,141.19902,633.948,99.9083,0
"Tamil Nadu",Vellore,PMGSY-III,26,0,20,0,6,0,128.1,77.69685,127.68,41.46,0.15
"Tamil Nadu",Virudhunagar,PMGSY-II,36,0,36,0,0,0,136.746,47.95317,136.746,49.144,0
Telangana,"Bhadradri Kothagudem",PMGSY-II,3,1,3,1,0,0,33.52,31.4236,30.52,21.5232,0
Telangana,"Jayashankar Bhoopalapally",PMGSY-III,3,0,0,0,3,0,26.067,19.118,2.6,12.2217,23.467
Telangana,"Jogulamba Gadwal",PMGSY-II,2,0,2,0,0,0,22.86,9.1898,21.366,7.2018,0
Telangana,Karimnagar,PMGSY-III,11,1,0,1,11,0,56.933,30.88998,14.17,11.6345,42.763
Telangana,Khammam,PMGSY-I,135,9,135,9,0,0,423.151,108.162,419.051,37.213,0
Telangana,"Komrambheem Asifabad",PMGSY-I,157,45,145,41,12,4,779.469,280.28829,696.027,345.2748,63.723
Telangana,Mahabubabad,PMGSY-I,177,6,174,6,3,0,418.395,163.28082,402.179,204.4024,10.56
Telangana,Medak,PMGSY-II,4,0,4,0,0,0,32.8,17.6255,31.112,14.8315,0
Telangana,Narayanpet,PMGSY-III,8,3,7,1,1,2,48.322,39.08121,38.626,24.6012,8.687
Telangana,Nirmal,PMGSY-II,1,0,1,0,0,0,9.4,2.42,4.71,2.3232,0
Telangana,Nizamabad,PMGSY-II,6,4,6,4,0,0,60.15,49.2662,61.01,46.307,0
Telangana,Peddapalli,PMGSY-III,9,2,6,0,3,2,48.181,31.19386,41.383,30.0879,5.527
Telangana,Suryapet,PMGSY-III,17,2,12,2,5,0,97.085,56.5596,75.199,40.236,20.08
Telangana,Vikarabad,PMGSY-I,84,11,84,11,0,0,263.114,49.4155,250.595,-157.4155,0
Tripura,Khowai,PMGSY-I,139,5,139,5,0,0,423.274,251.40723,414.635,245.9693,0
Tripura,Khowai,PMGSY-III,13,2,2,0,11,2,92.749,92.56916,27.86,34.1859,64.889
Tripura,"South Tripura",PMGSY-II,6,0,6,0,0,0,60.36,65.09914,59.166,70.5475,0
Tripura,"South Tripura",PMGSY-III,14,0,6,0,8,0,144.105,138.01054,47.73,43.88,94.028
Tripura,Unakoti,PMGSY-I,82,7,80,6,2,1,276.206,187.76862,263.809,172.0437,3.951
Tripura,"West Tripura",PMGSY-I,168,6,168,6,0,0,465.545,274.9518,443.853,247.0557,0
Tripura,"West Tripura",PMGSY-II,8,0,7,0,1,0,57.33,54.70353,53.118,48.1199,4.393
"Uttar Pradesh",Agra,PMGSY-I,321,0,321,0,0,0,805.525,165.8724,789.429,150.3296,0
"Uttar Pradesh",Amethi,PMGSY-III,43,0,40,0,3,0,301.508,247.0922,291.955,217.6867,7.122
"Uttar Pradesh",Auraiya,PMGSY-I,140,0,140,0,0,0,378.67,105.0773,369.13,96.9338,0
"Uttar Pradesh",Azamgarh,PMGSY-I,370,0,370,0,0,0,1023.18,281.2348,1011.782,262.8165,0
"Uttar Pradesh",Azamgarh,PMGSY-II,15,0,15,0,0,0,113.7,60.2784,111.54,54.9629,0
"Uttar Pradesh",Badaun,PMGSY-II,9,0,9,0,0,0,70.05,35.45431,69.43,29.5615,0
"Uttar Pradesh",Balrampur,PMGSY-II,16,0,16,0,0,0,109.975,74.6984,108.375,67.6892,0
"Uttar Pradesh",Bareilly,PMGSY-I,275,0,275,0,0,0,753.233,151.8216,742.463,157.9637,0
"Uttar Pradesh",Basti,PMGSY-I,272,0,272,0,0,0,785.883,244.2302,775.395,227.4427,0
"Uttar Pradesh",Basti,PMGSY-III,34,0,34,0,0,0,245.1,169.9057,244.094,149.0327,0
"Uttar Pradesh",Bulandshahr,PMGSY-II,13,0,13,0,0,0,88.285,39.91807,88.18,37.1407,0
"Uttar Pradesh",Chandauli,PMGSY-I,239,0,239,0,0,0,720.77,178.6437,697.004,159.8467,0
"Uttar Pradesh",Chitrakoot,PMGSY-III,13,0,9,0,4,0,93.988,82.54023,66.725,49.3575,27.213
"Uttar Pradesh",Deoria,PMGSY-II,14,0,14,0,0,0,95.115,60.33697,94.88,54.375,0
"Uttar Pradesh",Deoria,PMGSY-III,68,0,53,0,15,0,489.307,488.18066,399.169,307.4795,88.676
"Uttar Pradesh",Fatehpur,PMGSY-I,278,0,278,0,0,0,665.035,185.3795,649.31,175.8554,0
"Uttar Pradesh",Fatehpur,PMGSY-II,11,0,11,0,0,0,101.975,86.3941,101.465,78.3542,0
"Uttar Pradesh",Firozabad,PMGSY-III,28,0,28,0,0,0,200.245,140.0833,200.322,107.4919,0
"Uttar Pradesh","G.B. Nagar",PMGSY-I,179,0,179,0,0,0,429.785,98.8914,412.065,89.5028,0
"Uttar Pradesh",Ghazipur,PMGSY-I,252,0,252,0,0,0,717.532,206.8764,710.807,196.5916,0
"Uttar Pradesh",Gorakhpur,PMGSY-II,13,0,13,0,0,0,101.05,56.65087,101.05,48.8768,0
"Uttar Pradesh",Gorakhpur,PMGSY-III,46,0,38,0,8,0,266.2,207.6344,236.934,142.3848,28.49
"Uttar Pradesh",Hamirpur,PMGSY-I,106,0,106,0,0,0,392.265,106.43,380.93,95.8403,0
"Uttar Pradesh",Hapur,PMGSY-II,10,0,10,0,0,0,89.1,44.40788,87.035,35.877,0
"Uttar Pradesh",Hardoi,PMGSY-I,415,0,415,0,0,0,1190.986,359.2984,1180.089,329.0393,0
"Uttar Pradesh",Hathras,PMGSY-II,15,0,15,0,0,0,109.65,66.9426,108.885,49.7447,0
"Uttar Pradesh",J.B.F.Nagar,PMGSY-III,8,0,8,0,0,0,70.35,48.99476,68.695,38.8453,0
"Uttar Pradesh",Kannauj,PMGSY-III,16,0,16,0,0,0,111.208,101.61033,108.708,88.4766,0
"Uttar Pradesh","Kanpur Nagar",PMGSY-II,11,0,11,0,0,0,103.22,85.5865,103.22,77.4466,0
"Uttar Pradesh","Kanpur Nagar",PMGSY-III,35,0,30,0,5,0,263.995,211.71503,216.755,127.2016,43.6
"Uttar Pradesh",Kushinagar,PMGSY-III,63,0,61,0,2,0,420.655,338.88378,416.287,284.4545,1.7
"Uttar Pradesh",Lakhimpur-Kherii,PMGSY-I,342,0,342,0,0,0,941.685,281.3176,914.702,257.8866,0
"Uttar Pradesh",Lakhimpur-Kherii,PMGSY-III,40,1,39,0,1,1,385.833,331.25322,366.908,294.6506,13.99
"Uttar Pradesh",Lucknow,PMGSY-II,15,0,15,0,0,0,99.5,61.2842,99.162,55.7579,0
"Uttar Pradesh",Mainpuri,PMGSY-II,11,0,11,0,0,0,96.15,59.7914,93.331,48.2654,0
"Uttar Pradesh",Mathura,PMGSY-I,201,0,201,0,0,0,580.757,152.4311,571.651,145.1983,0
"Uttar Pradesh",Prayagraj,PMGSY-II,16,0,16,0,0,0,116.4,87.32012,116.38,76.9368,0
"Uttar Pradesh","Rae Bareli",PMGSY-II,12,0,12,0,0,0,116.9,87.66288,116,75.5848,0
"Uttar Pradesh",Rampur,PMGSY-III,26,0,26,0,0,0,167.12,94.59272,160.89,76.8543,0
"Uttar Pradesh","S.K. Nagar",PMGSY-I,236,0,236,0,0,0,598.98,162.2786,584.136,148.8684,0
"Uttar Pradesh","S.R. Nagar(Bhadohi)",PMGSY-I,155,0,155,0,0,0,361.535,93.3095,352.84,82.2786,0
"Uttar Pradesh",Shrawasti,PMGSY-I,163,0,163,0,0,0,478.9,169.204,470.436,152.8417,0
"Uttar Pradesh",Siddharathnagar,PMGSY-II,17,0,17,0,0,0,110.4,74.0974,110.3,63.3838,0
"Uttar Pradesh",Sitapur,PMGSY-II,11,0,11,0,0,0,92.775,77.9234,90.918,66.0692,0
"Uttar Pradesh",Sonebhadra,PMGSY-II,12,0,12,0,0,0,101.6,43.24026,99.45,41.1159,0
"Uttar Pradesh",Varanasi,PMGSY-I,282,0,282,0,0,0,658.588,129.20441,635.728,114.0043,0
Uttarakhand,Almora,PMGSY-III,20,0,2,0,18,0,238.672,169.98509,137.485,73.6946,101.188
Uttarakhand,Bageshwar,PMGSY-I,181,51,181,49,0,2,1495.507,764.22853,1449.526,745.8214,0
Uttarakhand,Bageshwar,PMGSY-II,9,0,9,0,0,0,52.125,31.849,52.125,30.9384,0
Uttarakhand,Haridwar,PMGSY-III,15,0,10,0,5,0,108.195,64.4125,96.11,51.6195,12.085
Uttarakhand,Nainital,PMGSY-I,135,26,135,23,0,3,1136.293,518.7988,1135.014,486.8524,0
Uttarakhand,Pithoragarh,PMGSY-III,26,5,2,0,24,5,375.502,343.16935,126.8,141.0789,248.702
Uttarakhand,Tehri,PMGSY-I,258,16,257,13,1,3,2097.752,1030.97501,2074.19,1001.5418,0
Uttarakhand,"Udham Singh Nagar",PMGSY-II,3,0,3,0,0,0,18,5.6079,17.605,5.2931,0
"West Bengal",Bankura,PMGSY-III,34,0,5,0,29,0,292.591,226.99115,56.878,39.9372,234.753
"West Bengal",Birbhum,PMGSY-III,34,0,12,0,22,0,271.26,182.4646,85.88,63.285,185.136
"West Bengal",Cooch-Behar,PMGSY-I,379,4,379,4,0,0,1251.68,495.71501,1248.466,458.8132,0
"West Bengal",Cooch-Behar,PMGSY-III,24,0,1,0,23,0,194.774,162.63756,4.87,26.9416,189.9
"West Bengal",Hooghly,PMGSY-III,10,1,2,0,8,1,65.788,50.86468,14.228,11.6468,51.518
"West Bengal",Howrah,PMGSY-I,325,0,325,0,0,0,1187.83,605.22187,1180.421,570.9688,0
"West Bengal",Kalimpong,PMGSY-II,6,2,6,1,0,1,65.472,89.1983,65.257,85.7693,0
"West Bengal",Kalimpong,PMGSY-III,9,0,0,0,9,0,66.097,51.2233,0,1.3896,66.097
"West Bengal",Maldah,PMGSY-I,200,1,200,1,0,0,1416.876,662.56652,1394.504,589.4175,0
"West Bengal",Murshidabad,PMGSY-II,14,0,14,0,0,0,162.946,105.63891,162.849,99.9851,0
"West Bengal",Nadia,PMGSY-II,14,0,14,0,0,0,132.955,121.22049,132.693,97.3562,0
"West Bengal","North 24 Parganas",PMGSY-III,51,0,11,0,40,0,302.53,215.07294,85.968,67.3683,216.166
"West Bengal","Paschim Medinipur",PMGSY-I,732,0,732,0,0,0,3686.237,2004.87157,3666.523,1915.3207,0
"West Bengal","Purba Burdwan",PMGSY-III,27,1,4,0,23,1,262.32,224.35171,23.98,16.062,238.34
"West Bengal","Purba Medinipur",PMGSY-II,11,2,11,2,0,0,101.85,82.46289,101.408,77.8186,0
"West Bengal","Siliguri M.P.",PMGSY-III,7,0,1,0,6,0,44.827,28.08356,7.914,5.5249,36.908
"West Bengal","South 24-Parganas",PMGSY-I,312,0,312,0,0,0,1603.63,838.973,1559.633,804.2258,0
"Andaman And Nicobar",Nicobar,PMGSY-I,3,0,3,0,0,0,2.969,1.3857,2.969,1.1082,0
"Andhra Pradesh","Alluri Sitharama Raju",PMGSY-I,472,17,467,16,5,1,1952.378,775.6992,1809.482,702.0291,24.34
"Andhra Pradesh",Annamayya,PMGSY-II,6,0,6,0,0,0,42.6,19.726,39.315,16.685,0
"Andhra Pradesh",Annamayya,PMGSY-III,55,1,35,0,20,1,412.738,234.54631,248.484,127.8183,157.275
"Andhra Pradesh",Bapatla,PMGSY-I,128,13,128,13,0,0,320.363,78.5873,305.542,75.079,0
"Andhra Pradesh",Eluru,PMGSY-I,175,2,175,2,0,0,421.675,99.6221,417.125,114.8553,0
"Andhra Pradesh",Kakinada,PM-JANMAN,3,0,0,0,3,0,19.15,16.103,0,0,19.15
"Andhra Pradesh",Krishna,PMGSY-II,8,0,8,0,0,0,58.52,46.9895,57.715,41.1926,0
"Andhra Pradesh",Nellore,PMGSY-I,227,39,227,39,0,0,901.696,250.6012,862.573,239.3714,0
"Andhra Pradesh",Nellore,PMGSY-II,8,0,8,0,0,0,70.21,36.4185,65.296,29.3427,0
"Andhra Pradesh",Palnadu,PMGSY-II,7,1,7,1,0,0,80.46,44.8013,79.551,42.3108,0
"Andhra Pradesh",Prakasam,PMGSY-III,17,5,15,0,2,5,158.464,143.225,138.139,79.8574,17.05
"Andhra Pradesh","Sri Sathya Sai",PMGSY-I,412,13,412,13,0,0,1306.855,311.3505,1272.137,304.013,0
"Andhra Pradesh",Srikakulam,PMGSY-I,211,7,211,7,0,0,561.36,123.0353,560.68,120.4759,0
"Andhra Pradesh",Srikakulam,RCPLWEA,12,1,10,1,2,0,68.146,54.8566,63.047,49.2557,1.678
"Andhra Pradesh",Srikakulam,PMGSY-III,16,10,16,1,0,9,121.865,133.01448,118.387,77.3338,0
"Andhra Pradesh",Srikakulam,PM-JANMAN,6,0,0,0,6,0,13.7,10.24,0,0,13.7
"Andhra Pradesh",Tirupati,PMGSY-III,20,7,19,0,1,7,139.514,124.52347,136.29,50.4769,0.217
"Andhra Pradesh",Vizianagaram,PMGSY-II,11,0,11,0,0,0,80.5,40.985,79.69,34.0148,0
"Andhra Pradesh","West Godavari",PMGSY-II,12,0,12,0,0,0,72.265,44.5357,71.335,35.3485,0
"Andhra Pradesh","Y S R Kadapa",PMGSY-II,10,0,10,0,0,0,63.67,28.4113,62.345,28.3906,0
"Arunachal Pradesh",Changlang,PMGSY-III,7,1,1,0,6,1,99.212,69.33035,6.3,4.3334,92.912
"Arunachal Pradesh","Dibang Valley",PMGSY-III,3,3,0,0,3,3,26.2,47.3487,0,8.3612,26.2
"Arunachal Pradesh","East Siang",PMGSY-III,6,2,4,2,2,0,38.1,31.727,27.4,23.9322,10.2
"Arunachal Pradesh",Kamale,PMGSY-III,2,0,1,0,1,0,12.3,9.3786,6,6.5202,6.3
"Arunachal Pradesh","Kra Daadi",PMGSY-I,49,18,43,14,6,4,1141.642,926.1711,1018.92,919.6231,118.472
"Arunachal Pradesh","Kra Daadi",PMGSY-II,2,0,2,0,0,0,11,10.6034,11,11.3703,0
"Arunachal Pradesh","Kurung Kumey",PMGSY-III,6,2,3,0,3,2,50.5,46.1188,24.5,15.3243,26
"Arunachal Pradesh","Lepa Rada",PMGSY-I,27,1,27,1,0,0,172.85,103.1735,171.339,95.712,0
"Arunachal Pradesh",Longding,PMGSY-II,3,0,3,0,0,0,13.7,13.372,13.7,11.7885,0
"Arunachal Pradesh",Longding,PMGSY-III,18,0,0,0,18,0,147.27,137.28173,22.1,62.2341,125.17
"Arunachal Pradesh","Lower Dibang Valley",PMGSY-II,4,0,4,0,0,0,18,8.82247,18,7.9,0
"Arunachal Pradesh","Lower Siang",PMGSY-III,6,14,0,4,6,10,92.922,129.3545,5.2,66.5889,87.722
"Arunachal Pradesh","Lower Subansiri",PMGSY-I,47,5,47,5,0,0,423.66,271.7823,418.505,268.5026,0
"Arunachal Pradesh",Namsai,PMGSY-III,10,2,1,0,9,2,64.22,40.1367,7.07,7.4153,57.15
"Arunachal Pradesh","Pakke kessang",PMGSY-II,1,0,1,0,0,0,15.6,8.6733,15.6,7.7458,0
"Arunachal Pradesh","Papum Pare",PMGSY-I,86,26,86,26,0,0,761.99,634.5073,755.51,668.5941,0
"Arunachal Pradesh","Papum Pare",PMGSY-II,6,6,6,6,0,0,73.13,106.784,69.02,101.1039,0
"Arunachal Pradesh",Tirap,PMGSY-II,2,0,2,0,0,0,11,8.2416,11,7.9419,0
"Arunachal Pradesh","West Siang",PMGSY-I,58,6,57,6,1,0,417.79,264.6555,399.43,263.6697,18.5
"Arunachal Pradesh","West Siang",PMGSY-III,13,4,5,1,8,3,92.01,90.4337,24.8,38.8004,67.21
Assam,Barpeta,PMGSY-I,411,160,406,158,5,2,1326.201,1315.1108,1300.301,1389.5098,13.07
Assam,Barpeta,PMGSY-III,31,7,23,3,8,4,205.729,164.56276,165.367,132.6629,39.912
Assam,Bongaigaon,PMGSY-II,4,1,4,1,0,0,19.904,14.2269,19.904,14.04,0
Assam,Cachar,PMGSY-III,35,5,29,3,6,2,185.869,137.10955,160.883,113.4925,24.96
Assam,Chirang,PMGSY-II,4,4,4,4,0,0,25.065,24.2265,25.065,25.1141,0
Assam,Darrang,PMGSY-I,237,45,237,45,0,0,826.613,541.39573,824.636,602.1804,0
Assam,Dhemaji,PMGSY-I,280,126,280,126,0,0,1141.823,1150.57087,1142.147,1169.015,0
Assam,Goalpara,PMGSY-I,375,69,375,69,0,0,1064.279,694.17209,1060.507,768.416,0
Assam,Golaghat,PMGSY-I,304,5,304,5,0,0,1204.084,611.48229,1203.511,624.9292,0
Assam,Golaghat,PMGSY-II,9,0,9,0,0,0,88.092,59.8113,88.092,63.9656,0
Assam,Hailakandi,PMGSY-III,19,0,13,0,6,0,131.043,75.45408,89.338,48.8162,41.601
Assam,Jorhat,PMGSY-I,367,24,367,24,0,0,1039.818,599.56406,1035.553,664.3945,0
Assam,Jorhat,PMGSY-II,10,1,10,1,0,0,61.25,53.6937,61.25,54.5213,0
Assam,Kokrajhar,PMGSY-III,7,3,4,2,3,1,78.087,64.31841,40.52,26.3262,37.567
Assam,Morigaon,PMGSY-II,11,5,8,4,3,1,81.95,66.3186,81.75,64.1923,0.15
Assam,Morigaon,PMGSY-III,21,2,17,2,4,0,160.73,113.02839,133.9,100.1471,25.83
Assam,Nalbari,PMGSY-III,37,1,32,0,5,1,208.322,154.83533,187.9,127.702,20.422
Assam,Sibsagar,PMGSY-II,19,3,19,3,0,0,109.877,78.8188,109.327,77.8005,0
Bihar,Araria,PMGSY-II,15,54,15,50,0,4,317.75,361.92875,315.35,395.513,0
Bihar,Bhagalpur,PMGSY-II,4,0,4,0,0,0,33.35,17.2378,32.57,19.2981,0
Bihar,Buxar,PMGSY-I,338,1,335,1,3,0,1094.849,473.94658,1064.316,441.7273,2.023
Bihar,Buxar,PMGSY-II,1,0,1,0,0,0,7.817,5.455,7.817,4.2034,0
Bihar,Chapra(Saran),PMGSY-I,554,12,553,12,1,0,2082.745,1023.55816,2023.552,949.5737,9.1
Bihar,Darbhanga,PMGSY-I,471,31,464,30,7,1,1521.72,984.1863,1241.698,615.05,2.736
Bihar,Darbhanga,PMGSY-II,11,0,11,0,0,0,42.66,17.15696,42.66,18.0141,0
Bihar,Gaya,PMGSY-II,20,3,20,3,0,0,141.465,94.72322,141.295,99.1389,0
Bihar,Gaya,RCPLWEA,26,8,20,4,6,4,290.228,299.64982,251.894,231.7651,33.4
Bihar,Jamui,PMGSY-I,541,54,533,52,8,2,1846.65,1010.15891,1771.285,892.2771,13.503
Bihar,Jamui,PMGSY-II,9,0,9,0,0,0,52.865,28.64995,52.865,29.6689,0
Bihar,"Kaimur (Bhabhua)",PMGSY-III,13,2,13,1,0,1,140.607,104.07526,140.6,73.3494,0
Bihar,Katihar,PMGSY-II,8,2,8,2,0,0,77.1,38.80552,75.81,39.6028,0
Bihar,Madhepura,PMGSY-III,34,26,26,16,8,10,359.093,404.92482,333.943,383.6419,23.65
Bihar,Munger,PMGSY-II,3,0,3,0,0,0,23.4,11.3956,23.4,12.4103,0
Bihar,Nalanda,PMGSY-II,23,0,23,0,0,0,138.2,72.56586,137.158,73.689,0
Bihar,Nawada,PMGSY-I,680,30,675,29,5,1,1669.35,938.50001,1611.346,795.0728,8.18
Bihar,Patna,PMGSY-I,631,19,626,19,5,0,1733.216,879.30644,1641.799,768.5785,14.906
Bihar,Purnia,PMGSY-I,552,70,547,63,5,7,2109.04,1339.97388,2076.975,1209.3969,0.7
Bihar,Rohtas,RCPLWEA,22,2,20,2,2,0,89.77,97.69917,85.905,75.2319,3.625
Bihar,Saharsa,PMGSY-II,4,0,4,0,0,0,27.07,20.56356,27.07,19.5607,0
Bihar,Samastipur,PMGSY-II,8,0,8,0,0,0,61.95,25.77853,61.95,27.4861,0
Bihar,Supaul,PMGSY-I,215,20,213,17,2,3,672.916,468.9238,661.146,436.6297,1.662
Bihar,Vaishali,PMGSY-II,16,0,16,0,0,0,60.334,26.46987,60.334,24.3944,0
Bihar,Vaishali,PMGSY-III,26,7,24,4,2,3,192.741,150.54715,182.009,138.6424,9.661
Chhattisgarh,Balod,PMGSY-II,11,0,11,0,0,0,121.875,82.0187,120.9,86.2725,0
Chhattisgarh,Balrampur,PMGSY-I,310,36,309,36,1,0,1695.565,540.0147,1541.744,608.2969,10.08
Chhattisgarh,Bastar,PMGSY-II,5,0,5,0,0,0,94.35,48.2962,93.05,50.364,0
Chhattisgarh,Bilaspur,PMGSY-I,207,0,207,0,0,0,820.69,229.0845,778.95,206.3789,0
Chhattisgarh,Dhamtari,PMGSY-III,18,0,18,0,0,0,150.432,85.8768,150.432,79.6452,0
Chhattisgarh,Dhamtari,PM-JANMAN,36,0,7,0,29,0,84.532,43.3605,30.05,0,54.25
Chhattisgarh,"Gaurella Pendra Marwahi",PM-JANMAN,15,3,0,0,15,3,43.08,36.2894,19.57,0,23.51
Chhattisgarh,Jashpur,PMGSY-I,379,18,379,18,0,0,1922.406,662.97695,1837.145,636.6611,0
Chhattisgarh,Jashpur,PMGSY-II,8,0,8,0,0,0,100.56,68.7109,100.26,62.5739,0
Chhattisgarh,Kondagaon,PMGSY-II,2,0,2,0,0,0,42.48,18.5461,42.48,23.4224,0
Chhattisgarh,Mahasamund,PMGSY-II,6,0,6,0,0,0,90.57,54.0913,87.657,50.9777,0
Chhattisgarh,Raigarh,PMGSY-I,483,22,483,22,0,0,1958.525,644.18408,1897.231,596.5049,0
Chhattisgarh,Raigarh,PMGSY-III,24,0,24,0,0,0,307.175,160.605,306.853,138.8714,0
Chhattisgarh,Surguja,PMGSY-II,6,0,6,0,0,0,81.95,49.1598,81.735,42.852,0
Gujarat,Ahmedabad,PMGSY-II,3,0,3,0,0,0,33.48,20.5836,33.48,16.718,0
Gujarat,Anand,PMGSY-II,7,0,7,0,0,0,55.56,35.7655,55.421,33.2326,0
Gujarat,Arvalli,PMGSY-I,196,1,196,1,0,0,517.8,132.5029,513.42,139.2369,0
Gujarat,Banaskantha,PMGSY-III,19,4,16,0,3,4,187.94,114.42566,183.45,57.9493,3.31
Gujarat,Botad,PMGSY-I,26,0,26,0,0,0,79.435,12.7498,79.44,15.3514,0
Gujarat,Gandhinagar,PMGSY-III,7,1,7,0,0,1,69.38,43.20693,67.608,31.6639,0
Gujarat,"Gir Somnath",PMGSY-I,16,0,16,0,0,0,59.95,6.9858,55.95,7.3528,0
Gujarat,Jamnagar,PMGSY-I,72,0,72,0,0,0,243.655,33.8307,239.925,32.6411,0
Gujarat,Jamnagar,PMGSY-III,10,0,9,0,1,0,110.556,57.32175,108.463,58.2721,1.388
Gujarat,Junagadh,PMGSY-II,2,0,2,0,0,0,18.1,7.4665,18.1,5.7157,0
Gujarat,Kheda,PMGSY-I,206,0,206,0,0,0,391.38,73.4151,389.05,80.8753,0
Gujarat,Kheda,PMGSY-II,3,4,3,4,0,0,42.39,38.3096,42.47,28.7472,0
Gujarat,Mahisagar,PMGSY-I,326,0,326,0,0,0,744.42,215.8648,742.799,242.3078,0
Gujarat,Mehsana,PMGSY-I,67,0,67,0,0,0,131.01,23.2268,131.01,22.0738,0
Gujarat,Mehsana,PMGSY-III,12,0,12,0,0,0,109.792,62.84179,102.088,52.3799,0
Gujarat,Morbi,PMGSY-II,1,4,1,4,0,0,17.4,10.6342,16.11,8.789,0
Gujarat,Narmada,PMGSY-II,2,5,2,5,0,0,28.3,25.8357,28.28,22.106,0
Gujarat,Navsari,PMGSY-I,222,0,222,0,0,0,448.7,105.8405,448.645,104.1331,0
Gujarat,Porbandar,PMGSY-II,2,0,2,0,0,0,12.3,3.9311,12.3,3.7854,0
Gujarat,Sabarkantha,PMGSY-I,149,1,149,1,0,0,458.49,99.5148,444.84,96.7314,0
Gujarat,Surendranagar,PMGSY-III,13,22,13,10,0,12,138.9,122.08538,137.925,82.4955,0
Haryana,Faridabad,PMGSY-I,12,0,12,0,0,0,92.67,25.8458,91.678,26.8537,0
Haryana,Faridabad,PMGSY-III,2,0,2,0,0,0,11.77,4.38726,11.77,1.998,0
Haryana,Fatehabad,PMGSY-III,14,0,14,0,0,0,188.226,74.79676,187.315,70.7421,0
Haryana,Jind,PMGSY-III,19,0,19,0,0,0,246.687,125.83535,243.951,108.7085,0
Haryana,Karnal,PMGSY-I,21,0,21,0,0,0,185.7,68.9537,185.5,62.4072,0
Haryana,Kurukshetra,PMGSY-I,27,0,27,0,0,0,262.52,83.8647,261.362,81.8396,0
Haryana,Palwal,PMGSY-I,10,0,10,0,0,0,127.435,42.2248,127.385,31.6182,0
Haryana,Panchkula,PMGSY-I,5,0,5,0,0,0,54.77,17.7898,54.77,19.1474,0
Haryana,Panchkula,PMGSY-III,4,0,4,0,0,0,55.737,35.90535,55.677,34.5144,0
Haryana,Panipat,PMGSY-III,11,0,11,0,0,0,80.7,42.35507,79.542,36.2714,0
Haryana,Rewari,PMGSY-III,2,0,2,0,0,0,16.78,11.37276,16.78,8.8561,0
Haryana,Sirsa,PMGSY-III,28,0,28,0,0,0,326.16,196.4264,323.797,175.2742,0
"Himachal Pradesh",Bilaspur,PMGSY-II,6,0,6,0,0,0,67.425,56.4592,66.315,57.3808,0
"Himachal Pradesh",Hamirpur,PMGSY-I,151,6,151,6,0,0,759.038,227.8936,753.124,219.0402,0
"Himachal Pradesh",Kinnaur,PMGSY-III,2,0,0,0,2,0,22.69,21.62738,21.675,16.1437,1.015
"Himachal Pradesh",Kullu,PMGSY-III,21,3,11,0,10,3,206.44,214.0774,122.964,109.9406,80.625
"Himachal Pradesh","Lahul And Spiti",PMGSY-II,2,0,2,0,0,0,31.115,31.4474,30.8,34.2168,0
"Himachal Pradesh",Sirmaur,PMGSY-I,238,8,238,8,0,0,1618.913,543.4419,1595.028,512.2654,0
"Jammu And Kashmir",Anantnag,PMGSY-I,292,2,292,2,0,0,1006.53,725.3599,952.225,672.2797,0
"Jammu And Kashmir",Anantnag,PMGSY-II,8,0,7,0,1,0,38,46.4836,35.393,35.3668,2
"Jammu And Kashmir",Ganderbal,PMGSY-III,10,0,9,0,1,0,44.93,33.82683,39.149,28.8842,5.2
"Jammu And Kashmir",Kishtwar,NA,20,0,0,0,20,0,93.21,NA,0,0,93.21
"Jammu And Kashmir",Poonch,PMGSY-III,3,11,1,0,2,11,86.4,202.74419,74.7,93.4842,11.4
"Jammu And Kashmir",Rajouri,PMGSY-III,17,4,8,1,9,3,167.95,235.0394,122.725,153.6179,45.225
"Jammu And Kashmir",Reasi,PMGSY-III,7,5,6,2,1,3,68.64,104.01261,58.74,72.8993,9.9
"Jammu And Kashmir",Samba,NA,3,0,0,0,3,0,29.5,NA,0,0,29.5
"Jammu And Kashmir",Shopian,PMGSY-II,2,0,2,0,0,0,23.65,28.5239,23,21.8045,0
"Jammu And Kashmir",Shopian,PMGSY-III,12,1,12,0,0,1,84.854,101.90697,84.328,94.2932,0
"Jammu And Kashmir",Udhampur,PMGSY-I,398,60,389,55,9,5,3033.195,1773.4541,2909.263,1712.8154,76.402
"Jammu And Kashmir",Udhampur,PMGSY-II,7,0,7,0,0,0,59.3,70.7923,55.9,57.4159,0
Jharkhand,Bokaro,RCPLWEA,13,12,13,8,0,4,91.075,110.99275,91.071,104.9978,0
Jharkhand,Chatra,PMGSY-I,376,36,376,35,0,1,1302.21,568.75223,1284.745,516.9363,0
Jharkhand,Chatra,PMGSY-III,22,11,18,2,4,9,183.866,144.75469,166.013,140.0459,13.818
Jharkhand,Deoghar,PMGSY-III,18,2,14,2,4,0,160.47,105.2488,117.603,87.2818,41.37
Jharkhand,Dhanbad,RCPLWEA,16,0,14,0,2,0,31.401,24.432,31.101,21.9106,0.3
Jharkhand,Garhwa,PMGSY-I,298,40,298,40,0,0,1165.382,429.49684,1148.542,381.7784,0
Jharkhand,Garhwa,PM-JANMAN,11,0,0,0,11,0,38.29,33.7436,0,0,38.29
Jharkhand,Godda,PM-JANMAN,34,0,0,0,34,0,97.425,87.8306,0,0,97.425
Jharkhand,Gumla,PM-JANMAN,34,0,0,0,34,0,124.449,115.53022,10.08,0,114.369
Jharkhand,Hazaribagh,PMGSY-I,417,24,417,23,0,1,1448.699,533.36559,1429.078,462.8879,0
Jharkhand,Hazaribagh,PMGSY-III,16,7,11,3,5,4,190.09,160.63616,177.776,165.8597,12.309
Jharkhand,Jamtara,PMGSY-I,228,5,228,5,0,0,721.994,251.40775,713.172,226.4018,0
Jharkhand,Jamtara,PMGSY-II,3,0,3,0,0,0,37.705,29.2106,37.18,24.3563,0
Jharkhand,Jamtara,PMGSY-III,10,0,0,0,10,0,74.08,42.23419,24.705,18.8455,49.375
Jharkhand,Pakur,PMGSY-III,13,2,12,1,1,1,130.15,90.4895,129.915,104.344,0.235
Jharkhand,Pakur,PM-JANMAN,45,0,0,0,45,0,111.428,109.21174,0,0,111.428
Jharkhand,"Pashchimi Singhbhum",RCPLWEA,31,22,24,16,7,6,302.715,305.34461,253.895,265.2516,47.129
Jharkhand,Ranchi,PMGSY-I,403,12,403,12,0,0,1134.065,446.65972,1111.493,392.1997,0
Jharkhand,Ranchi,PMGSY-III,22,2,10,2,12,0,203.407,130.5189,137.49,83.7923,65.917
Jharkhand,"Saraikela Kharsawan",PMGSY-II,7,0,7,0,0,0,52.16,30.79855,52.045,28.775,0
Jharkhand,"Saraikela Kharsawan",PMGSY-III,17,2,7,0,10,2,159.875,96.29145,121.456,89.7593,38.414
Karnataka,"Bangalore U",PMGSY-II,10,0,10,0,0,0,54.67,18.7393,52.416,17.9575,0
Karnataka,Bidar,PMGSY-II,10,0,10,0,0,0,70.02,34.0262,69.48,33.7712,0
Karnataka,Bidar,PMGSY-III,35,0,34,0,1,0,189.06,102.67988,185.161,96.8938,1.2
Karnataka,Bijapur,PMGSY-III,33,0,30,0,3,0,238.02,143.9942,224.605,141.9941,5.6
Karnataka,Chamarajanagar,PM-JANMAN,5,0,0,0,5,0,5.58,3.8801,0,0,5.58
Karnataka,Chickballapur,PMGSY-I,113,0,113,0,0,0,547.87,104.0092,547.87,120.9034,0
Karnataka,Chickballapur,PMGSY-II,10,0,10,0,0,0,68.42,25.4236,68.42,25.1018,0
Karnataka,Chickmagalur,PMGSY-II,8,0,8,0,0,0,70.8,36.6656,71.5,32.7366,0
Karnataka,Chickmagalur,PMGSY-III,29,14,29,13,0,1,223.918,184.03962,222.42,187.2994,0
Karnataka,Chitradurga,PMGSY-I,124,3,124,3,0,0,528.6,94.7622,528.6,109.2394,0
Karnataka,"Dakshina Kannada",PMGSY-III,21,7,21,7,0,0,172.595,151.51757,172.02,157.0854,0
Karnataka,"Dakshina Kannada",PM-JANMAN,2,1,0,0,2,1,5.75,7.8075,0,0,5.75
Karnataka,Davanagere,PMGSY-III,19,1,18,1,1,0,184.239,118.95733,179.899,115.9278,2.1
Karnataka,Dharwad,PMGSY-II,8,0,8,0,0,0,58.47,26.9067,56.54,26.3361,0
Karnataka,Dharwad,PMGSY-III,22,16,19,15,3,1,164.51,132.0631,151.401,127.1658,9.84
Karnataka,Kodagu,PMGSY-II,6,2,6,2,0,0,40.07,28.9295,40.11,30.5761,0
Karnataka,Koppal,PMGSY-III,19,1,18,1,1,0,138.626,82.32219,133.59,84.6929,1.25
Karnataka,Mandya,PMGSY-III,32,0,32,0,0,0,189.635,118.2531,185.326,107.7412,0
Karnataka,Mysore,PMGSY-II,16,0,16,0,0,0,100.12,48.3633,117.13,48.7997,0
Karnataka,Raichur,PMGSY-III,24,3,20,2,4,1,177.95,119.72044,164.412,113.7037,4.65
Karnataka,Udupi,PMGSY-I,101,1,101,1,0,0,383.01,98.7032,383.01,109.9806,0
Karnataka,Udupi,PM-JANMAN,5,0,0,0,5,0,5.831,5.3238,0,0,5.831
Karnataka,"Uttara Kannada",PMGSY-I,105,2,105,2,0,0,604.202,140.7259,604.202,171.0855,0
Karnataka,"Uttara Kannada",PMGSY-II,15,0,15,0,0,0,90,51.3631,89.14,43.5927,0
Karnataka,Yadgir,PMGSY-II,5,0,5,0,0,0,38.448,18.1973,37.73,17.3365,0
Kerala,Alappuzha,PMGSY-I,70,0,69,0,1,0,97.508,40.0772,93.501,45.8334,1.58
Kerala,Ernakulam,PMGSY-II,9,1,9,1,0,0,32.228,29.43626,29.669,22.0616,0
Kerala,Idukki,PMGSY-II,12,0,11,0,1,0,58.557,52.115,58.06,43.2253,0.45
Kerala,Kottayam,PMGSY-I,61,0,59,0,2,0,151.898,74.0742,143.087,91.701,6.883
Kerala,Kottayam,PMGSY-II,13,0,12,0,1,0,42.982,32.1583,41.428,25.9922,1.253
Kerala,Kozhikode,PMGSY-II,9,0,9,0,0,0,28.656,27.23771,28.448,23.9511,0
Kerala,Palakkad,PMGSY-I,85,0,84,0,1,0,277.88,163.3612,267.416,171.2763,3.77
Kerala,Palakkad,PMGSY-II,14,0,14,0,0,0,56.473,45.02302,56.343,35.7413,0
Kerala,Pathanamthitta,PMGSY-I,78,0,76,0,2,0,186.627,88.0831,175.268,107.3106,6.8
Kerala,Thiruvananthapuram,PMGSY-III,23,1,11,0,12,1,114.005,94.07263,69.307,48.843,43.388
Ladakh,Kargil,PMGSY-I,88,2,83,2,5,0,624.385,488.9227,594.99,442.2754,13.5
Ladakh,Kargil,PMGSY-II,8,1,6,1,2,0,43.3,54.9769,41.85,47.1125,1.6
Ladakh,Kargil,PMGSY-III,27,0,2,0,25,0,209.43,228.9736,12.7,80.9051,196.23
Ladakh,Leh,PMGSY-I,40,0,39,0,1,0,499.73,317.1121,409.105,260.3593,8
Ladakh,Leh,PMGSY-II,5,0,5,0,0,0,36.03,33.0628,35.992,27.4632,0
"Madhya Pradesh",Anuppur,PM-JANMAN,95,0,5,0,90,0,213.845,149.03228,22.689,0,190.715
"Madhya Pradesh",Balaghat,PMGSY-II,13,5,13,5,0,0,152.395,91.9018,152.115,82.4429,0
"Madhya Pradesh",Balaghat,PM-JANMAN,52,0,9,0,43,0,121.45,91.67759,25.311,0,95.92
"Madhya Pradesh",Barwani,PMGSY-I,326,28,326,28,0,0,1460.21,491.59813,1372.078,521.2107,0
"Madhya Pradesh",Barwani,PMGSY-II,11,18,11,18,0,0,104.689,90.48632,104.694,70.5735,0
"Madhya Pradesh",Barwani,PMGSY-III,34,22,28,20,6,2,264.127,208.16833,262.418,159.3358,0.73
"Madhya Pradesh",Bhopal,PMGSY-I,122,2,122,2,0,0,384.04,149.6057,349.71,140.4538,0
"Madhya Pradesh",Chhindwara,PMGSY-III,28,41,21,22,7,19,397.941,354.79959,371.341,244.4448,24.615
"Madhya Pradesh",Chhindwara,PM-JANMAN,44,0,0,0,44,0,156.045,118.32171,1.68,0,154.365
"Madhya Pradesh",Damoh,PMGSY-II,6,4,5,4,1,0,138.571,79.7324,136.31,71.5239,2.2
"Madhya Pradesh",Datia,PM-JANMAN,8,0,2,0,6,0,14.7,10.63225,2.429,0,12.2
"Madhya Pradesh",Dewas,PMGSY-II,6,0,6,0,0,0,95.19,64.6193,93.056,58.3559,0
"Madhya Pradesh",Dindori,PMGSY-III,23,5,23,0,0,5,262.155,197.15199,259.109,114.2435,0
"Madhya Pradesh",Gwalior,PMGSY-I,183,5,183,5,0,0,641.945,208.9239,615.651,179.8316,0
"Madhya Pradesh",Gwalior,PMGSY-II,11,2,11,2,0,0,82.775,61.2194,83.531,53.241,0
"Madhya Pradesh",Harda,PMGSY-I,128,14,128,14,0,0,728.87,237.52875,663.859,251.2175,0
"Madhya Pradesh",Harda,PMGSY-III,11,9,8,8,3,1,117.94,84.12113,112.651,66.6992,4.435
"Madhya Pradesh",Hoshangabad,PMGSY-I,302,6,302,6,0,0,1090.065,384.5404,1039.871,419.6596,0
"Madhya Pradesh",Hoshangabad,PMGSY-III,25,15,18,10,7,5,270.328,199.08407,250.057,145.2338,15.668
"Madhya Pradesh",Indore,PMGSY-II,4,6,4,6,0,0,75.825,54.8604,69.022,50.7731,0
"Madhya Pradesh",Jabalpur,PMGSY-II,12,1,12,1,0,0,88.569,55.16428,88.128,48.6699,0
"Madhya Pradesh",Jabalpur,PM-JANMAN,5,0,0,0,5,0,12.23,8.28579,0,0,12.23
"Madhya Pradesh",Jhabua,PMGSY-I,402,17,402,17,0,0,1606.875,496.37632,1562.114,470.2808,0
"Madhya Pradesh",Jhabua,PMGSY-II,7,7,7,7,0,0,89.85,52.26852,89.38,46.7523,0
"Madhya Pradesh",Katni,PM-JANMAN,1,0,0,0,1,0,3.5,2.84269,0,0,3.5
"Madhya Pradesh",Maihar,PMGSY-I,107,0,107,0,0,0,357.48,91.1128,352.215,81.8197,0
"Madhya Pradesh",Maihar,PMGSY-III,7,2,7,2,0,0,68.085,43.4148,66.974,32.9468,0
"Madhya Pradesh",Mandla,PMGSY-II,7,3,7,3,0,0,110.23,74.66595,107.63,67.4492,0
"Madhya Pradesh",Mauganj,PMGSY-II,1,0,1,0,0,0,11.03,6.0382,11,5.0817,0
"Madhya Pradesh",Morena,PMGSY-III,22,13,20,11,2,2,269.264,218.71788,259.053,163.9058,3.17
"Madhya Pradesh",Narsinghpur,PMGSY-I,324,12,324,12,0,0,1184.635,405.16509,1127.469,402.8182,0
"Madhya Pradesh",Neemuch,PMGSY-I,150,0,150,0,0,0,710.495,201.2118,698.652,182.7586,0
"Madhya Pradesh",Pandhurna,PMGSY-II,1,2,1,2,0,0,32,23.3588,31.41,21.3156,0
"Madhya Pradesh",Rajgarh,PMGSY-II,13,4,13,4,0,0,94.16,63.5722,90.954,53.9898,0
"Madhya Pradesh",Satna,PMGSY-III,21,13,20,12,1,1,238.092,158.70918,229.497,119.2152,4.9
"Madhya Pradesh",Sehore,PMGSY-I,361,11,361,11,0,0,1568.35,497.53073,1503.002,510.6599,0
"Madhya Pradesh",Sehore,PMGSY-III,20,10,20,6,0,4,219.53,184.85495,217.098,144.9676,0
"Madhya Pradesh",Sheopur,PMGSY-II,3,24,3,24,0,0,61.2,75.27924,60.62,73.4555,0
"Madhya Pradesh",Shivpuri,PM-JANMAN,86,0,0,0,86,0,189.448,135.0207,21.83,0,167.618
"Madhya Pradesh",Sidhi,PM-JANMAN,77,0,0,0,77,0,218.839,159.1708,26.136,0,192.703
"Madhya Pradesh",Tikamgarh,PMGSY-II,7,0,7,0,0,0,67.08,39.42352,66.345,30.0865,0
"Madhya Pradesh",Umaria,PM-JANMAN,25,0,0,0,25,0,64.165,42.6171,1.85,0,62.315
"Madhya Pradesh",Vidisha,PMGSY-II,8,12,8,12,0,0,143.085,120.83913,142.462,104.2672,0
Maharashtra,Ahmednagar,PMGSY-III,59,4,25,0,34,4,414.45,321.6229,287.15,234.4621,126.72
Maharashtra,Amrawati,PMGSY-II,8,2,8,2,0,0,66.6,33.8249,65.9,30.3332,0
Maharashtra,Aurangabad,PMGSY-I,167,44,167,44,0,0,672.085,182.5027,659.03,174.4602,0
Maharashtra,Bhandara,PMGSY-II,10,0,10,0,0,0,66.61,36.1044,65.785,32.312,0
Maharashtra,Chandrapur,PMGSY-II,15,1,15,1,0,0,99.04,63.6278,98.053,53.3742,0
Maharashtra,Chandrapur,RCPLWEA,20,44,20,44,0,0,131.96,194.261,130.31,160.5315,0
Maharashtra,Gadchiroli,PM-JANMAN,10,0,0,0,10,0,31.39,29.56657,0,0,31.39
Maharashtra,Hingoli,PMGSY-III,16,3,16,0,0,3,111.18,86.05522,108.8,94.6343,0
Maharashtra,Jalgaon,PMGSY-I,172,16,172,16,0,0,788.33,202.1156,783.744,200.2672,0
Maharashtra,Kolhapur,PMGSY-I,140,10,140,9,0,1,584.11,172.3683,579.25,186.7419,0
Maharashtra,Latur,PMGSY-II,8,16,8,16,0,0,67.27,74.4051,66.85,65.4157,0
Maharashtra,Nagpur,PMGSY-III,32,18,26,0,6,18,222.805,234.64301,209.29,152.3998,11.92
Maharashtra,Nanded,PMGSY-III,30,3,14,0,16,3,214.44,183.85686,125.299,112.4278,86.281
Maharashtra,Nandurbar,PMGSY-III,21,0,10,0,11,0,155.815,102.41629,131.67,73.745,23.51
Maharashtra,Nashik,PMGSY-III,68,11,35,0,33,11,420.105,339.6342,261.175,247.4341,155.03
Maharashtra,Osmanabad,PMGSY-III,24,8,13,0,11,8,179.01,176.41947,162.917,135.526,14.958
Maharashtra,Palghar,PMGSY-I,186,1,186,1,0,0,371.319,132.5923,357.308,119.3815,0
Maharashtra,Palghar,PMGSY-II,6,1,6,1,0,0,56.9,30.8962,51.91,28.4738,0
Maharashtra,Parbhani,PMGSY-III,16,2,2,0,14,2,114.165,120.98003,14.1,69.1498,100.065
Maharashtra,Raigad,PMGSY-I,88,2,88,2,0,0,321.595,115.5063,312.29,129.5261,0
Maharashtra,Raigad,PMGSY-III,15,0,7,0,8,0,76.75,61.92584,50.943,19.1574,25.607
Maharashtra,Ratnagiri,PMGSY-II,14,7,14,7,0,0,85.91,50.1249,85.61,47.7912,0
Maharashtra,Ratnagiri,PMGSY-III,46,0,16,0,30,0,280.066,228.07262,150.44,112.8701,128.887
Maharashtra,Sangali,PMGSY-I,207,8,207,8,0,0,692.662,151.3623,676.734,153.4437,0
Maharashtra,Sangali,PMGSY-III,29,0,14,0,15,0,180.753,144.66676,109.13,105.9586,71.116
Maharashtra,Sindhudurg,PMGSY-I,133,7,133,7,0,0,472.33,167.5529,462.475,169.8385,0
Maharashtra,Sindhudurg,PMGSY-II,17,3,17,3,0,0,81.782,53.8889,94.798,52.4985,0
Maharashtra,Sindhudurg,PMGSY-III,39,0,0,0,39,0,168.688,141.41354,24.35,24.1597,144.338
Maharashtra,Solapur,PMGSY-III,46,2,35,0,11,2,309.95,245.77878,263.86,227.2324,42.75
Maharashtra,Thane,PMGSY-III,17,0,5,0,12,0,87.81,57.7251,60.18,35.6868,27.23
Maharashtra,Washim,PMGSY-I,104,9,104,9,0,0,479.75,102.462,473.08,98.9662,0
Maharashtra,Washim,PMGSY-II,6,1,6,1,0,0,39.38,24.2801,39.38,21.3985,0
Manipur,Bishnupur,PMGSY-III,10,0,0,0,10,0,67.334,52.87731,0,0.2834,67.334
Manipur,Chandel,PMGSY-II,3,0,1,0,2,0,13.68,12.0844,10,7.3919,3.68
Manipur,Churachandpur,PMGSY-I,217,38,178,22,39,16,2304.885,1113.40415,1911.436,830.5138,393.62
Manipur,Tamenglong,PMGSY-II,2,1,0,1,2,0,20.4,19.0556,10,10.9501,10.4
Manipur,Tamenglong,PMGSY-III,2,0,0,0,2,0,20.2,17.74663,0,0.143,20.2
Manipur,Thoubal,PMGSY-I,185,17,184,12,1,5,563.599,288.25917,570.77,242.4814,0
Meghalaya,"East Khasi Hills",PMGSY-II,18,0,18,0,0,0,106.012,73.62574,105.915,71.7412,0
Meghalaya,"East Khasi Hills",PMGSY-III,31,4,13,0,18,4,240.852,248.90969,122.356,78.7698,118.491
Mizoram,Champhai,PMGSY-I,59,0,59,0,0,0,748.765,391.1319,748.851,387.3266,0
Mizoram,Champhai,PMGSY-II,1,0,1,0,0,0,60,95.2352,60,87.8885,0
Mizoram,Kolasib,PMGSY-I,6,0,6,0,0,0,63.87,60.5714,63.87,51.9248,0
Mizoram,Lawngtlai,PMGSY-I,56,0,55,0,1,0,549.6,437.4462,542.43,410.3185,0
Mizoram,Lawngtlai,PMGSY-II,1,0,1,0,0,0,32,25.8464,32,24.631,0
Nagaland,Kiphire,PMGSY-II,1,0,1,0,0,0,17,16.97,17,16.97,0
Nagaland,Kiphire,PMGSY-III,2,0,0,0,2,0,19.09,18.0701,0,1.3988,19.09
Nagaland,Kohima,PMGSY-I,18,1,17,1,1,0,192.36,67.4258,185.86,70.3045,6.5
Nagaland,Mokokchung,PMGSY-I,26,0,26,0,0,0,292.5,38.6968,292.5,38.8802,0
Nagaland,Mokokchung,PMGSY-II,1,0,1,0,0,0,15,15.8051,15,15.8173,0
Nagaland,Tuensang,PMGSY-I,45,10,44,10,1,0,584.98,176.1181,582.48,170.1337,2.5
Nagaland,Zunheboto,PMGSY-II,1,0,1,0,0,0,18,16.6787,18,16.6788,0
Odisha,Angul,PMGSY-III,31,2,31,2,0,0,236.845,154.8914,228.715,137.6003,0
Odisha,Balasore,PMGSY-I,702,13,702,13,0,0,2505.605,1122.8988,2350.677,1175.1676,0
Odisha,Boudh,PMGSY-III,11,2,11,2,0,0,82.54,57.07282,81.076,55.8775,0
Odisha,Deogarh,PMGSY-II,4,0,4,0,0,0,35.9,15.437,36.726,14.8763,0
Odisha,Ganjam,PM-JANMAN,14,1,0,0,14,1,46.871,56.1617,0,0,46.871
Odisha,Jagatsinghpur,PMGSY-I,268,0,268,0,0,0,1047.628,452.3774,1030.216,437.243,0
Odisha,Jagatsinghpur,PMGSY-II,10,0,10,0,0,0,71.56,35.974,71.53,28.2318,0
Odisha,Jharsuguda,PMGSY-II,5,0,5,0,0,0,48.757,20.2333,47.457,17.1657,0
Odisha,Jharsuguda,PMGSY-III,30,6,30,5,0,1,147.359,91.1303,145.069,78.3231,0
Odisha,Kalahandi,PMGSY-III,44,13,32,5,12,8,367.59,255.952,325.478,205.1835,37.747
Odisha,Kandhamal,PMGSY-I,395,30,395,30,0,0,1735.042,710.59794,1659.08,737.4596,0
Odisha,Kandhamal,PMGSY-III,53,3,49,3,4,0,355.132,205.6077,317.252,182.2933,29.08
Odisha,Kandhamal,PM-JANMAN,4,0,0,0,4,0,9.2,8.202,0,0,9.2
Odisha,Keonjhar,PMGSY-I,780,22,780,22,0,0,3149.791,1258.3727,3065.982,1284.7914,0
Odisha,Khurda,PMGSY-I,336,6,336,6,0,0,1104.998,485.3769,1070.264,464.5063,0
Odisha,Koraput,PMGSY-III,66,2,63,2,3,0,449.21,264.73846,443.872,232.0668,1.72
Odisha,Malkangiri,PMGSY-III,37,4,28,1,9,3,247.285,156.37492,224.963,118.0588,20.635
Odisha,Mayurbhanj,PMGSY-II,76,3,76,3,0,0,310.147,146.92307,307.533,157.6336,0
Odisha,Mayurbhanj,PM-JANMAN,2,0,0,0,2,0,10.8,10.4584,0,0,10.8
Odisha,Nawarangpur,PMGSY-II,15,2,15,2,0,0,119.74,68.7833,121.258,66.4907,0
Odisha,Nayagarh,PMGSY-II,15,0,15,0,0,0,94.85,42.3755,93.339,37.3433,0
Odisha,Rayagada,PM-JANMAN,15,0,2,0,13,0,42.17,40.5036,6.568,0,35.45
Odisha,Sonepur,PMGSY-III,30,3,30,2,0,1,191.854,144.2091,184.959,131.9224,0
Odisha,Sundargarh,PMGSY-III,72,7,69,6,3,1,495.054,308.58704,472.564,265.1273,9.428
Puducherry,Karaikal,PMGSY-II,10,0,10,0,0,0,15.17,5.6712,14.331,9.1361,0
Puducherry,Puducherry,PMGSY-III,33,0,0,0,33,0,90.737,57.09026,0,0,90.737
Punjab,Amritsar,PMGSY-II,12,0,12,0,0,0,126.07,79.9336,126.07,64.0289,0
Punjab,Barnala,PMGSY-I,19,0,19,0,0,0,191.51,89.8188,191.51,85.5467,0
Punjab,Bathinda,PMGSY-I,27,0,27,0,0,0,194.34,65.6494,194.34,56.5387,0
Punjab,"Fatehgarh Sahib",PMGSY-I,21,0,21,0,0,0,197.24,75.87,197.24,72.714,0
Punjab,"Fatehgarh Sahib",PMGSY-II,5,0,5,0,0,0,51.01,34.3095,51.01,23.6177,0
Punjab,Fazilka,PMGSY-III,13,2,9,1,4,1,138.86,120.0087,101.07,76.4758,34.86
Punjab,Firozpur,PMGSY-II,9,1,9,1,0,0,86.16,56.7187,85.89,49.0907,0
Punjab,Firozpur,PMGSY-III,6,0,3,0,3,0,62.94,62.01797,28.93,42.4141,34.01
Punjab,Gurdaspur,PMGSY-I,122,0,122,0,0,0,416.23,126.356,406.8,107.6597,0
Punjab,Gurdaspur,PMGSY-II,2,0,2,0,0,0,16.18,11.3656,16.18,8.1924,0
Punjab,Mansa,PMGSY-III,6,1,6,0,0,1,47.35,38.4315,47.35,33.4994,0
Punjab,Moga,PMGSY-III,20,2,13,1,7,1,212.37,166.57643,154.365,114.9194,56.58
Punjab,Mukatsar,PMGSY-II,10,0,10,0,0,0,114.86,75.1052,111.28,61.9397,0
Punjab,Patiala,PMGSY-I,53,0,53,0,0,0,368.76,179.9957,368.51,162.2487,0
Rajasthan,Alwar,PMGSY-III,26,0,26,0,0,0,210.542,120.14714,207.155,94.8963,0
Rajasthan,Balotra,PMGSY-II,5,2,5,2,0,0,51.24,20.95518,52.74,15.1681,0
Rajasthan,Banswara,PMGSY-II,14,1,14,1,0,0,112.125,48.7737,112.35,32.2192,0
Rajasthan,Barmer,PMGSY-II,6,0,6,0,0,0,60.4,15.6465,60.4,10.9194,0
Rajasthan,Beawar,PMGSY-III,16,0,16,0,0,0,160.4,82.10855,160.4,61.717,0
Rajasthan,Bikaner,PMGSY-I,497,0,497,0,0,0,3068.25,519.5605,2935.64,446.0113,0
Rajasthan,Bundi,PMGSY-III,23,5,23,2,0,3,177.383,130.0819,171.57,104.8368,0
Rajasthan,Chittaurgarh,PMGSY-I,299,0,299,0,0,0,1303.87,249.648,1273.47,224.7355,0
Rajasthan,Chittaurgarh,PMGSY-III,34,2,32,2,2,0,263.953,166.02474,248.502,114.255,12.2
Rajasthan,Dausa,PMGSY-II,8,0,8,0,0,0,62.8,24.4409,62.8,17.53,0
Rajasthan,Dausa,PMGSY-III,28,0,28,0,0,0,235.75,121.2039,233.117,90.2558,0
Rajasthan,Deeg,PMGSY-II,4,0,4,0,0,0,47.8,23.90075,47.8,19.3575,0
Rajasthan,Dholpur,PMGSY-I,253,0,253,0,0,0,854.78,141.0214,767.14,148.4429,0
Rajasthan,"Didwana Kuchaman",PMGSY-I,408,0,408,0,0,0,1425.96,246.0818,1350.96,212.9428,0
Rajasthan,"Didwana Kuchaman",PMGSY-II,10,0,10,0,0,0,106,46.3672,106,31.6625,0
Rajasthan,Hanumangarh,PMGSY-II,9,0,9,0,0,0,102.6,35.54673,102.6,29.7621,0
Rajasthan,Jaipur,PMGSY-I,667,0,667,0,0,0,2337.743,504.0394,2277.758,450.0756,0
Rajasthan,Jaisalmer,PMGSY-I,277,0,277,0,0,0,2005.68,267.1791,1959.13,233.0147,0
Rajasthan,Jhalawar,PMGSY-I,381,0,381,0,0,0,1489.68,338.9605,1438.64,304.427,0
Rajasthan,Jodhpur,PMGSY-I,596,0,596,0,0,0,2374.8,402.2906,2321.837,327.5115,0
Rajasthan,Karauli,PMGSY-II,11,1,11,1,0,0,69.75,23.787,69.75,17.2135,0
Rajasthan,"Khairthal Tijara",PMGSY-II,8,0,8,0,0,0,59.826,19.0538,59.826,16.5637,0
Rajasthan,Kota,PMGSY-I,162,0,162,0,0,0,718.34,168.1016,685.71,170.7161,0
Rajasthan,"Kotputli Behror",PMGSY-II,8,0,8,0,0,0,69.61,32.9576,69.74,27.586,0
Rajasthan,Nagaur,PMGSY-II,9,0,9,0,0,0,87,27.5542,87,19.1417,0
Rajasthan,Pratapgarh,PMGSY-I,452,0,452,0,0,0,1436.095,326.7776,1393.137,281.9479,0
Rajasthan,Sawaimadhopur,PMGSY-II,10,0,10,0,0,0,71.051,26.2554,70.651,22.0179,0
Rajasthan,Sirohi,PMGSY-II,11,0,11,0,0,0,69.85,23.6464,69.85,18.8877,0
Rajasthan,"Sri Ganganagar",PMGSY-I,148,1,148,1,0,0,873.39,188.1861,853.89,161.9032,0
Rajasthan,"Sri Ganganagar",PMGSY-III,18,0,17,0,1,0,192.525,90.7131,191.925,58.9099,0.6
Rajasthan,Udaipur,PMGSY-II,13,0,13,0,0,0,109.35,46.4917,109.5,30.1247,0
Sikkim,East,PMGSY-II,3,0,3,0,0,0,7.8,6.7633,6.92,5.7281,0
Sikkim,North,PMGSY-II,2,0,2,0,0,0,5,3.9899,5,3.7181,0
Sikkim,Pakyong,PMGSY-I,131,22,127,21,4,1,722.965,424.7631,703.01,431.9514,6.375
Sikkim,Soreng,PMGSY-III,11,4,0,0,11,4,73.35,83.49577,8.7,22.0188,64.65
"Tamil Nadu",Ariyalur,PMGSY-I,171,0,171,0,0,0,368.847,102.83873,368.806,94.2441,0
"Tamil Nadu",Ariyalur,PMGSY-III,12,0,10,0,2,0,47.521,20.2326,43.523,15.5023,4
"Tamil Nadu",Chengalpattu,PMGSY-I,197,0,197,0,0,0,403.113,90.8977,400.157,-16.8283,0
"Tamil Nadu",Chengalpattu,PMGSY-II,24,3,24,3,0,0,87.248,39.3014,86.448,37.372,0
"Tamil Nadu",Cuddalore,PMGSY-III,39,1,39,1,0,0,153.664,93.27979,152.607,89.8779,0
"Tamil Nadu",Kallakurichi,PMGSY-I,166,4,166,4,0,0,424.586,131.38586,410.628,115.2407,0
"Tamil Nadu",Kanchipuram,PMGSY-I,161,1,161,1,0,0,357.335,86.51455,357.685,77.6514,0
"Tamil Nadu",Kanniyakumari,PMGSY-III,16,0,14,0,2,0,60.46,37.26415,57.715,15.3738,2.755
"Tamil Nadu",Karur,PMGSY-III,74,0,65,0,9,0,268.516,138.02792,251.781,103.6473,6.78
"Tamil Nadu",Madurai,PMGSY-I,280,0,280,0,0,0,511.653,124.11849,512.083,36.0835,0
"Tamil Nadu",Mayiladuthurai,PMGSY-II,27,1,27,1,0,0,74.724,63.01125,74.724,69.2189,0
"Tamil Nadu",Mayiladuthurai,PMGSY-III,59,10,49,6,10,4,236.544,234.7002,206.418,199.3587,30.01
"Tamil Nadu",Namakkal,PMGSY-III,108,0,104,0,4,0,375.834,209.22077,363.314,172.6513,12.521
"Tamil Nadu",Perambalur,PMGSY-II,12,0,12,0,0,0,43.84,15.9089,43.84,15.3482,0
"Tamil Nadu",Pudukkottai,PMGSY-II,17,0,17,0,0,0,92.88,37.80413,92.967,39.9942,0
"Tamil Nadu",Ranipet,PMGSY-I,92,2,92,2,0,0,213.068,55.05758,202.832,174.1827,0
"Tamil Nadu",Sivagangai,PMGSY-II,4,1,4,1,0,0,11.955,7.47306,11.955,7.9755,0
"Tamil Nadu",Tenkasi,PMGSY-II,3,0,3,0,0,0,9.532,4.1148,9.532,3.9285,0
"Tamil Nadu",Thanjavur,PMGSY-I,302,2,302,2,0,0,564.204,132.16558,563.374,139.4407,0
"Tamil Nadu",Tirunelveli,PMGSY-I,211,0,211,0,0,0,446.564,87.18956,438.87,78.9586,0
"Tamil Nadu",Tirunelveli,PMGSY-II,18,0,18,0,0,0,74.681,25.50315,74.681,24.4464,0
"Tamil Nadu",Tirupathur,PMGSY-III,29,0,22,0,7,0,104.84,62.34779,104.84,33.4499,0
"Tamil Nadu",Tiruvallur,PMGSY-I,198,1,198,1,0,0,403.181,89.74477,402.781,78.8675,0
"Tamil Nadu",Tiruvannamalai,PMGSY-III,195,7,143,3,52,4,811.576,502.22232,762.936,266.7908,48.6
"Tamil Nadu",Vellore,PMGSY-I,117,0,117,0,0,0,349.742,74.25392,349.683,61.4774,0
"Tamil Nadu",Villupuram,PMGSY-I,322,3,322,3,0,0,663.065,186.3543,652.911,178.5364,0
"Tamil Nadu",Virudhunagar,PMGSY-III,22,2,18,1,4,1,71.445,63.20738,55.645,23.4859,15.8
Telangana,"Bhadradri Kothagudem",PMGSY-I,168,24,167,24,1,0,712.02,251.4457,675.957,135.5522,4.35
Telangana,Jagitial,PMGSY-II,3,0,3,0,0,0,22.83,11.44,21.717,10.3955,0
Telangana,Jagitial,PMGSY-III,12,5,4,0,8,5,65.539,56.98604,33.877,24.317,30.619
Telangana,Jangoan,PMGSY-III,13,0,9,0,4,0,137.128,98.54163,110.917,100.6272,23.714
Telangana,"Jayashankar Bhoopalapally",PMGSY-II,2,0,2,0,0,0,21.95,16.5554,20.345,16.187,0
Telangana,"Jayashankar Bhoopalapally",RCPLWEA,11,4,3,2,8,2,78.7,94.07464,35.797,53.7559,42.523
Telangana,Kamareddy,PMGSY-I,162,8,162,8,0,0,417.72,78.3256,415.72,14.6649,0
Telangana,Kamareddy,PMGSY-III,11,4,9,3,2,1,83.208,59.17634,74.643,51.314,5.234
Telangana,Karimnagar,PMGSY-I,65,7,65,7,0,0,170.461,30.67287,170.612,49.1757,0
Telangana,"Komrambheem Asifabad",PMGSY-III,6,2,4,2,2,0,41.09,25.49702,27.889,8.4883,12.1
Telangana,Mahaboobnagar,PMGSY-I,43,4,43,4,0,0,181.035,42.3286,175.095,71.2372,0
Telangana,Mahaboobnagar,PMGSY-II,3,0,3,0,0,0,21.7,13.1705,19.126,9.0315,0
Telangana,Mahaboobnagar,PMGSY-III,11,9,5,6,6,3,69.748,70.60881,41.258,46.0658,27.251
Telangana,Mahabubabad,RCPLWEA,1,0,0,0,1,0,38.4,37.0495,17.642,19.581,20.758
Telangana,Medak,PMGSY-III,9,0,4,0,5,0,64.266,34.61625,44.721,28.5826,17.888
Telangana,Mulugu,PMGSY-I,68,4,68,4,0,0,215.437,89.7022,212.933,99.296,0
Telangana,Nagarkurnool,PMGSY-I,47,3,47,3,0,0,246.22,53.8064,240.37,95.9604,0
Telangana,Nalgonda,PMGSY-II,14,0,14,0,0,0,88.6,38.6273,86.467,30.2596,0
Telangana,Narayanpet,PMGSY-I,26,1,26,1,0,0,122.97,22.2787,117.61,44.413,0
Telangana,Nirmal,PMGSY-I,74,13,70,12,4,1,272.87,92.9709,255.516,124.6339,14.034
Telangana,Nirmal,PMGSY-III,8,3,2,0,6,3,65.29,43.44925,59.93,34.7035,5.26
Telangana,Sangareddy,PMGSY-III,19,10,13,1,6,9,121.317,103.71032,89.522,64.4027,28.74
Telangana,Siddipet,PMGSY-I,99,6,99,6,0,0,407.205,104.5496,400.715,191.7028,0
Telangana,Siddipet,PMGSY-III,13,6,3,0,10,6,112.806,92.27847,34.228,69.4431,77.268
Telangana,Suryapet,PMGSY-I,92,0,92,0,0,0,404.38,82.0688,394.4,164.8189,0
Telangana,Suryapet,PMGSY-II,6,0,6,0,0,0,39.72,19.7316,39.72,13.9825,0
Tripura,Dhalai,PM-JANMAN,9,0,0,0,9,0,50.983,47.64226,0,0,50.983
Tripura,Khowai,PMGSY-II,6,0,5,0,1,0,24.681,25.23502,23.961,25.8621,0.578
Tripura,"North Tripura",PM-JANMAN,21,0,0,0,21,0,78.631,70.47659,0,0,78.631
"Uttar Pradesh",Aligarh,PMGSY-I,205,0,205,0,0,0,690.625,184.3754,682.44,175.3916,0
"Uttar Pradesh",Aligarh,PMGSY-III,38,0,38,0,0,0,335.29,229.302,334.62,172.3126,0
"Uttar Pradesh",Ambedkarnagar,PMGSY-II,17,0,17,0,0,0,108.825,65.43626,103.845,50.0185,0
"Uttar Pradesh",Ambedkarnagar,PMGSY-III,27,0,27,0,0,0,181.33,132.15772,176.733,113.4394,0
"Uttar Pradesh",Amethi,PMGSY-I,227,0,227,0,0,0,694.668,223.5321,687.159,215.5701,0
"Uttar Pradesh",Auraiya,PMGSY-III,10,0,8,0,2,0,62.285,47.9342,53.73,31.2845,8.735
"Uttar Pradesh",Ayodhya,PMGSY-I,246,0,246,0,0,0,821.71,249.8483,817.005,240.9513,0
"Uttar Pradesh",Azamgarh,PMGSY-III,81,0,65,0,16,0,561.83,449.77695,529.761,326.7286,24.06
"Uttar Pradesh",Bahraich,PMGSY-I,260,0,260,0,0,0,938.632,325.7493,921.943,312.4871,0
"Uttar Pradesh",Bahraich,PMGSY-III,43,0,41,0,2,0,354.029,289.68228,336.225,266.9239,12.76
"Uttar Pradesh",Bulandshahr,PMGSY-I,315,0,315,0,0,0,754.485,163.9748,744.607,157.2351,0
"Uttar Pradesh",Chitrakoot,PMGSY-I,108,0,108,0,0,0,410.745,120.0661,403.403,126.7396,0
"Uttar Pradesh",Etah,PMGSY-I,274,0,274,0,0,0,718.952,166.1075,714.712,150.8243,0
"Uttar Pradesh",Farrukhabad,PMGSY-II,10,0,10,0,0,0,91.3,55.02389,90.594,49.8256,0
"Uttar Pradesh",Farrukhabad,PMGSY-III,23,0,23,0,0,0,186.745,149.74739,186.745,122.3299,0
"Uttar Pradesh",Firozabad,PMGSY-I,233,0,233,0,0,0,630.325,145.113,621.425,132.606,0
"Uttar Pradesh","G.B. Nagar",PMGSY-II,9,0,9,0,0,0,100.15,65.4942,94.903,50.3961,0
"Uttar Pradesh",J.B.F.Nagar,PMGSY-I,187,0,187,0,0,0,512.96,120.0831,505.117,112.9559,0
"Uttar Pradesh",Jaunpur,PMGSY-I,271,0,271,0,0,0,717.962,179.1209,713.434,163.0094,0
"Uttar Pradesh",Jhansi,PMGSY-III,30,0,28,0,2,0,231.45,188.97608,218.906,125.6938,6.4
"Uttar Pradesh",Kannauj,PMGSY-II,14,0,14,0,0,0,107.955,80.04009,107.85,74.0124,0
"Uttar Pradesh","Kanpur Nagar",PMGSY-I,272,0,272,0,0,0,574.447,128.8868,570.636,124.1542,0
"Uttar Pradesh",Kasganj,PMGSY-II,14,0,14,0,0,0,109.075,60.18487,108.975,51.3523,0
"Uttar Pradesh",Kaushambi,PMGSY-I,119,0,119,0,0,0,377.975,108.3417,374.955,103.5433,0
"Uttar Pradesh",Lalitpur,PMGSY-I,139,0,139,0,0,0,603.97,176.035,603.114,181.2625,0
"Uttar Pradesh",Maharajganj,PMGSY-III,41,0,41,0,0,0,318.064,245.54334,310.886,203.8273,0
"Uttar Pradesh",Mathura,PMGSY-III,34,3,32,3,2,0,305.538,236.21237,283.247,172.5962,17.46
"Uttar Pradesh",Meerut,PMGSY-II,14,0,14,0,0,0,98.601,43.6994,90.402,38.5693,0
"Uttar Pradesh",Mirzapur,PMGSY-II,14,0,14,0,0,0,114.45,43.4263,114.15,35.114,0
"Uttar Pradesh",Pilibhit,PMGSY-III,31,1,31,1,0,0,251.34,158.50596,248.035,132.7438,0
"Uttar Pradesh","Rae Bareli",PMGSY-I,259,0,259,0,0,0,860.477,259.3289,842.455,258.1429,0
"Uttar Pradesh","S.R. Nagar(Bhadohi)",PMGSY-II,13,0,13,0,0,0,102.7,48.1293,100.295,46.89,0
"Uttar Pradesh",Saharanpur,PMGSY-II,11,0,11,0,0,0,104.1,46.7217,101.22,41.432,0
"Uttar Pradesh",Sambhal,PMGSY-I,256,0,256,0,0,0,626.939,130.0269,608.947,121.8389,0
"Uttar Pradesh",Shahjahanpur,PMGSY-II,13,0,13,0,0,0,109.6,68.09171,106.005,60.8477,0
"Uttar Pradesh",Shamli,PMGSY-II,10,0,10,0,0,0,105.3,50.71296,105.3,46.6157,0
"Uttar Pradesh",Sitapur,PMGSY-III,64,0,64,0,0,0,509.362,488.41828,509.09,467.0025,0
"Uttar Pradesh",Sultanpur,PMGSY-I,296,0,296,0,0,0,912.88,284.1045,899.854,279.0367,0
"Uttar Pradesh",Unnao,PMGSY-I,307,0,307,0,0,0,1074.58,338.0768,1056.763,328.4345,0
"Uttar Pradesh",Unnao,PMGSY-III,73,0,71,0,2,0,557.875,485.47716,537.044,418.6153,9.3
Uttarakhand,Almora,PMGSY-II,10,0,10,0,0,0,108.175,62.7289,108.175,56.0987,0
Uttarakhand,Chamoli,PMGSY-III,20,4,10,0,10,4,220.664,211.85847,161.769,132.5358,58.894
Uttarakhand,Champawat,PMGSY-I,130,13,124,13,6,0,1170.72,546.743,1137.975,517.8722,21.875
Uttarakhand,Dehradun,PMGSY-I,131,4,129,4,2,0,1223.048,525.4957,1202.193,534.2589,12.85
Uttarakhand,Dehradun,PMGSY-III,12,0,5,0,7,0,114.045,93.08242,53.825,43.2449,60.22
Uttarakhand,Haridwar,PMGSY-I,68,0,68,0,0,0,181.711,33.4022,181.71,28.3885,0
Uttarakhand,Nainital,PMGSY-II,7,1,6,1,1,0,59.05,32.2919,56.775,28.0793,1.95
Uttarakhand,Rudraprayag,PMGSY-III,7,0,0,0,7,0,92.025,86.61822,55.7,46.7308,36.325
Uttarakhand,Tehri,PMGSY-II,13,1,13,0,0,1,120.233,84.8196,119.808,82.4062,0
"West Bengal",Bankura,PMGSY-I,691,0,691,0,0,0,3150.821,1420.37671,3138.29,1171.7289,0
"West Bengal",Darjeeling,PMGSY-I,155,3,155,3,0,0,768.321,527.6137,762.216,508.7473,0
"West Bengal",Hooghly,PMGSY-I,342,0,342,0,0,0,1464.638,670.87733,1451.536,620.4719,0
"West Bengal",Howrah,PMGSY-II,19,1,19,1,0,0,117.061,104.40142,117.068,94.1135,0
"West Bengal",Kalimpong,PMGSY-I,80,2,80,2,0,0,432.841,290.8624,427.362,285.1607,0
"West Bengal","North 24 Parganas",PMGSY-I,468,0,468,0,0,0,2160.54,1095.63808,2146.782,1006.0385,0
"West Bengal","Purba Burdwan",PMGSY-I,253,4,253,4,0,0,1349.102,543.36375,1319.389,495.9742,0
"West Bengal",Purulia,PMGSY-I,415,0,415,0,0,0,2217.411,870.67731,2208.023,672.5263,0
"West Bengal","South 24-Parganas",PMGSY-III,47,0,6,0,41,0,320.352,226.43533,39.123,31.3087,281.229
"West Bengal",Uttardinajpur,PMGSY-III,22,0,5,0,17,0,158.926,110.2833,36.525,34.0749,122.301
"Andaman And Nicobar","North and Middle Andaman",PMGSY-II,24,0,0,0,24,0,54.67,27.7646,20.34,10.6507,34.33
"Andaman And Nicobar","South Andaman",PMGSY-III,8,0,0,0,8,0,27.896,34.2347,0,0,27.896
"Andhra Pradesh","Alluri Sitharama Raju",PMGSY-III,3,1,3,0,0,1,29.1,15.62,29.436,12.5535,0
"Andhra Pradesh",Anakapalli,PMGSY-III,15,4,13,1,2,3,104.105,69.76811,86.604,53.4612,11.83
"Andhra Pradesh",Bapatla,PMGSY-III,12,3,8,0,4,3,82.069,87.31,54.998,39.6087,25.81
"Andhra Pradesh",Chittoor,PMGSY-I,148,3,148,3,0,0,482.261,101.8512,471.991,100.7436,0
"Andhra Pradesh",Chittoor,PMGSY-II,11,0,11,0,0,0,69.29,33.6205,66.882,27.3141,0
"Andhra Pradesh","East Godavari",PMGSY-I,104,2,104,2,0,0,252.056,54.527,249.354,43.5468,0
"Andhra Pradesh",Eluru,PMGSY-II,7,0,7,0,0,0,45.54,22.2167,44.101,18.5315,0
"Andhra Pradesh",Kakinada,PMGSY-II,7,0,7,0,0,0,39.106,17.77,37.507,14.3061,0
"Andhra Pradesh",Kurnool,PMGSY-III,11,1,11,0,0,1,102.633,53.8026,96.916,41.6154,0
"Andhra Pradesh",Nandyal,PMGSY-I,115,12,115,12,0,0,385.365,92.5398,365.51,48.7807,0
"Andhra Pradesh",Nandyal,PMGSY-II,5,0,5,0,0,0,54.93,32.6416,53.622,28.8901,0
"Andhra Pradesh",Nandyal,PMGSY-III,12,3,12,2,0,1,113.91,87.6318,107.793,81.1962,0
"Andhra Pradesh",Nellore,PMGSY-III,20,2,18,0,2,2,194.37,122.57004,174.952,103.9738,11.898
"Andhra Pradesh",Srikakulam,PMGSY-II,8,0,8,0,0,0,63.04,32.9494,60.214,23.9706,0
"Andhra Pradesh",Tirupati,PMGSY-I,137,15,137,15,0,0,344.624,86.9762,334.918,83.0694,0
"Andhra Pradesh",Vizianagaram,PMGSY-I,176,3,174,3,2,0,519.45,119.6766,503.29,120.4434,16.1
"Andhra Pradesh","West Godavari",PMGSY-III,7,1,4,0,3,1,45.09,50.4731,19.657,15.4769,24.651
"Arunachal Pradesh",Anjaw,PMGSY-I,26,9,23,8,3,1,354.135,292.5651,296.395,215.4681,57.74
"Arunachal Pradesh",Changlang,PMGSY-I,100,28,99,28,1,0,949.981,534.7094,937.846,535.341,10.52
"Arunachal Pradesh","East Kameng",PMGSY-I,113,16,103,15,10,1,1911.37,1286.0398,1793.88,1312.236,104.65
"Arunachal Pradesh","East Siang",PMGSY-II,3,0,3,0,0,0,17.51,7.812,17.51,7.9531,0
"Arunachal Pradesh","Kurung Kumey",PMGSY-II,2,0,1,0,1,0,62,50.62418,38,39.9284,24
"Arunachal Pradesh","Lepa Rada",PMGSY-II,6,0,6,0,0,0,21.5,20.5254,21.3,19.0232,0
"Arunachal Pradesh",Lohit,PMGSY-I,14,0,14,0,0,0,48.9,12.5042,49.13,12.2983,0
"Arunachal Pradesh",Lohit,PMGSY-II,2,0,2,0,0,0,15.64,9.0112,15.64,7.7549,0
"Arunachal Pradesh","Lower Dibang Valley",PMGSY-III,4,5,1,0,3,5,21.23,44.10177,16.05,7.1461,5.18
"Arunachal Pradesh","Lower Subansiri",PMGSY-II,5,0,5,0,0,0,28.14,30.5272,28.14,30.1846,0
"Arunachal Pradesh",Namsai,PMGSY-II,6,0,6,0,0,0,20.17,7.8604,20.17,7.5789,0
"Arunachal Pradesh","Shi Yomi",PMGSY-II,1,0,1,0,0,0,7.18,3.7164,5.295,3.0357,0
"Arunachal Pradesh",Siang,PMGSY-III,6,1,1,0,5,1,45.72,34.6605,4.3,2.2687,41.42
"Arunachal Pradesh",Tawang,PMGSY-III,6,0,0,0,6,0,37.62,37.9503,5.67,8.7847,31.95
"Arunachal Pradesh","Upper Subansiri",PMGSY-II,4,1,4,1,0,0,38.37,52.2119,38.37,49.6861,0
"Arunachal Pradesh","West Siang",PMGSY-II,4,0,4,0,0,0,21.05,17.2134,21.05,16.0836,0
Assam,Baksa,PMGSY-III,14,2,12,1,2,1,85.271,55.9084,82.998,47.4849,2.273
Assam,Bongaigaon,PMGSY-I,214,39,214,39,0,0,624.338,417.70806,624.08,433.6468,0
Assam,Dibrugarh,PMGSY-III,29,3,25,3,4,0,188.897,107.55336,162.64,88.9363,23.645
Assam,Hailakandi,PMGSY-I,111,7,111,7,0,0,387.395,272.3226,380.831,301.7354,0
Assam,Jorhat,PMGSY-III,27,0,24,0,3,0,172.937,104.11161,152.472,88.1204,20.061
Assam,"Karbi Anglong",PMGSY-I,274,30,274,30,0,0,1206.485,742.48135,1198.393,788.8028,0
Assam,Nalbari,PMGSY-II,14,0,14,0,0,0,95.335,62.66946,95.335,62.9336,0
Assam,Nowgaon,PMGSY-III,65,2,48,1,17,1,406.058,223.2251,356.57,170.4538,47.704
Assam,Sonitpur,PMGSY-II,20,4,20,4,0,0,180.67,130.875,180.62,136.9289,0
Assam,Tinsukia,PMGSY-I,354,28,354,28,0,0,1319.943,757.55064,1310.572,822.9212,0
Assam,Tinsukia,PMGSY-II,17,2,17,2,0,0,85.2,58.7516,85.24,59.1314,0
Bihar,Araria,PMGSY-I,320,220,317,209,3,11,1646.233,1354.31006,1598.568,1252.303,1.522
Bihar,Arwal,PMGSY-III,9,6,7,3,2,3,74.283,63.28805,58.593,45.551,13.941
Bihar,Banka,PMGSY-I,488,69,486,69,2,0,1614.395,870.77704,1582.819,786.849,3.14
Bihar,Begusarai,PMGSY-II,11,1,11,1,0,0,61.055,33.72764,61.055,34.3338,0
Bihar,Begusarai,PMGSY-III,24,21,19,14,5,7,177.046,191.33378,161.242,158.474,10.411
Bihar,Bhagalpur,PMGSY-III,8,4,8,2,0,2,60.813,61.31584,60.475,59.7489,0
Bihar,Chapra(Saran),PMGSY-III,29,2,18,0,11,2,205.306,152.30697,148.428,93.9896,54.716
Bihar,Darbhanga,PMGSY-III,57,93,45,32,12,61,410.522,759.23245,340.746,485.5825,57.234
Bihar,Gaya,PMGSY-I,1170,54,1147,52,23,2,3028.893,1424.73547,2923.537,1261.3574,75.586
Bihar,Gaya,PMGSY-III,23,3,22,3,1,0,174.673,104.35383,153.781,77.0177,5.222
Bihar,Gopalganj,PMGSY-III,16,7,16,0,0,7,142.893,123.74185,142.11,113.7656,0
Bihar,Jahanabad,PMGSY-I,284,3,281,3,3,0,562.569,250.34601,548.744,222.4337,5.051
Bihar,Khagaria,PMGSY-I,181,32,176,30,5,2,595.22,434.92495,547.923,400.7915,10.229
Bihar,Lakhisarai,PMGSY-II,5,0,5,0,0,0,47.055,20.2212,47.055,20.3086,0
Bihar,Madhepura,PMGSY-II,10,0,10,0,0,0,59.065,31.9513,58.624,31.9613,0
Bihar,Muzaffarpur,PMGSY-III,40,15,38,3,2,12,290.767,269.73708,276.085,214.5742,9.97
Bihar,Patna,PMGSY-II,15,0,14,0,1,0,110.76,43.94972,109.75,50.7724,0.3
Bihar,Sheikhpura,PMGSY-II,5,1,5,1,0,0,18.25,7.24144,18.171,8.038,0
Bihar,Sheikhpura,PMGSY-III,1,0,1,0,0,0,5.035,2.85845,4.97,2.4786,0
Bihar,Sheohar,PMGSY-III,8,8,7,7,1,1,57.295,57.55317,52.342,51.7552,1.275
Bihar,Sitamarhi,PMGSY-II,6,0,6,0,0,0,35.31,16.35644,35.255,16.6502,0
Bihar,Siwan,PMGSY-III,5,0,5,0,0,0,27.355,16.78689,27.036,14.0995,0
Bihar,Vaishali,PMGSY-I,496,9,496,9,0,0,1580.714,754.27234,1521.695,671.9618,0
Chhattisgarh,Balodabazar,PMGSY-I,252,3,252,3,0,0,1116.63,332.6491,1084.9,305.6728,0
Chhattisgarh,Balodabazar,PMGSY-III,18,5,18,5,0,0,187.49,136.68489,186,101.68,0
Chhattisgarh,Bastar,PMGSY-I,426,16,426,16,0,0,1993.505,671.0231,1928.808,725.0179,0
Chhattisgarh,Bastar,PMGSY-III,20,1,20,1,0,0,300.38,208.82543,309.63,185.6391,0
Chhattisgarh,Bemetra,PMGSY-III,21,5,21,2,0,3,148.44,116.25624,149.15,98.0437,0
Chhattisgarh,Bijapur,PMGSY-II,1,0,1,0,0,0,41.35,35.9525,25,39.6026,0
Chhattisgarh,Bilaspur,PMGSY-II,9,0,9,0,0,0,85.57,56.75817,85.47,54.9221,0
Chhattisgarh,Bilaspur,PM-JANMAN,32,8,7,0,25,8,126.55,124.67001,50.92,0,75.43
Chhattisgarh,Durg,PMGSY-I,96,0,96,0,0,0,375,103.6962,354.46,94.6991,0
Chhattisgarh,Durg,PMGSY-III,15,6,15,6,0,0,99.75,77.8226,95.785,59.2283,0
Chhattisgarh,Gariaband,PM-JANMAN,49,6,9,0,40,6,97.645,65.2817,28.265,0,69.38
Chhattisgarh,Kanker,PMGSY-II,4,0,4,0,0,0,57.6,29.874,57.4,34.788,0
Chhattisgarh,Kawardha,PM-JANMAN,76,9,8,0,68,9,273.595,222.5701,20.375,0,252.495
Chhattisgarh,Kondagaon,PMGSY-I,249,12,248,12,1,0,1201.185,457.53484,1144.046,518.8666,4.5
Chhattisgarh,Korba,PMGSY-III,25,5,25,3,0,2,270.065,172.543,271.085,146.2344,0
Chhattisgarh,Korba,PM-JANMAN,36,7,0,0,36,7,140.625,127.21788,4.45,0,136.175
Chhattisgarh,Mahasamund,PMGSY-III,15,0,15,0,0,0,159.505,85.94025,159.165,74.2225,0
Chhattisgarh,Narayanpur,PMGSY-II,1,0,1,0,0,0,5.5,3.4768,5.5,3.8081,0
Chhattisgarh,Rajnandgaon,PMGSY-I,734,16,734,16,0,0,2597.244,819.24598,2496.41,825.5098,0
Chhattisgarh,Rajnandgaon,PMGSY-III,45,8,45,8,0,0,411.75,281.27206,404.569,225.0837,0
Chhattisgarh,Sukma,PMGSY-III,6,0,6,0,0,0,77.05,42.1025,76.35,32.5968,0
Chhattisgarh,Surajpur,PMGSY-I,260,21,260,21,0,0,1382.34,394.1963,1347.021,399.851,0
Gujarat,Ahmedabad,PMGSY-III,4,3,4,0,0,3,39.145,54.86285,37.846,18.3304,0
Gujarat,Anand,PMGSY-I,245,0,245,0,0,0,523.83,103.4697,524.25,108.0646,0
Gujarat,Banaskantha,PMGSY-II,4,0,4,0,0,0,63.64,32.2719,60.86,27.6393,0
Gujarat,Bharuch,PMGSY-I,44,0,44,0,0,0,168.47,41.534,166.88,48.5185,0
Gujarat,Dangs,PMGSY-II,2,0,2,0,0,0,17.31,9.9084,17.31,9.4611,0
Gujarat,Dangs,PMGSY-III,2,4,2,4,0,0,22.756,36.645,22.756,33.9512,0
Gujarat,Jamnagar,PMGSY-II,5,0,5,0,0,0,56.6,31.8873,56.2,22.6223,0
Gujarat,Junagadh,PMGSY-I,25,0,25,0,0,0,63.97,8.5666,63.77,9.2885,0
Gujarat,Junagadh,PMGSY-III,11,3,9,0,2,3,122.616,78.52712,113.88,55.007,7.676
Gujarat,Mahisagar,PMGSY-III,11,1,11,1,0,0,96.96,60.61125,96.16,61.5828,0
Gujarat,Panchmahals,PMGSY-II,4,0,4,0,0,0,40.26,25.9157,40.26,23.3817,0
Gujarat,Porbandar,PMGSY-I,21,0,21,0,0,0,61.12,7.5072,61.02,7.6499,0
Gujarat,Rajkot,PMGSY-III,9,11,9,0,0,11,103.148,93.50779,103.031,48.4113,0
Gujarat,Sabarkantha,PMGSY-III,11,4,11,4,0,0,122.718,85.35459,121.905,69.8741,0
Gujarat,Surat,PMGSY-III,12,11,12,0,0,11,100.895,99.09984,98.903,70.8563,0
Gujarat,Surendranagar,PMGSY-I,44,1,44,1,0,0,183.96,22.626,183.66,25.0197,0
Gujarat,Tapi,PMGSY-I,189,2,189,2,0,0,460.005,161.0557,459.807,167.5964,0
Gujarat,Tapi,PMGSY-III,6,9,6,0,0,9,44.94,43.36424,44.783,35.0399,0
Gujarat,Vadodara,PMGSY-III,8,0,8,0,0,0,83.465,52.2316,81.941,48.1604,0
Haryana,Ambala,PMGSY-III,11,0,11,0,0,0,91.81,36.0116,90.574,32.1231,0
Haryana,Bhiwani,PMGSY-I,15,0,15,0,0,0,174.78,82.3566,174.63,58.3123,0
Haryana,"Charkhi Dadri",PMGSY-III,12,0,12,0,0,0,116.675,66.86323,115.215,56.4042,0
Haryana,Jhajjar,PMGSY-I,30,0,30,0,0,0,321.21,120.97,321.73,107.6937,0
Haryana,Jhajjar,PMGSY-II,10,6,10,6,0,0,145.19,140.9539,127.724,116.8462,0
Haryana,Karnal,PMGSY-II,9,1,9,1,0,0,100.23,98.6994,100.225,87.4628,0
Haryana,Mohindergarh,PMGSY-III,8,0,8,0,0,0,75.98,30.9324,75.395,24.0776,0
Haryana,Rewari,PMGSY-I,22,0,22,0,0,0,238.406,84.1866,238.318,70.4965,0
Haryana,Rohtak,PMGSY-I,40,0,40,0,0,0,317.64,99.2378,317.72,93.2402,0
Haryana,Sirsa,PMGSY-I,18,0,18,0,0,0,276.32,80.0627,276.32,72.9615,0
Haryana,Sirsa,PMGSY-II,4,2,4,2,0,0,70.28,60.5244,70.02,56.3356,0
Haryana,"Yamuna Nagar",PMGSY-III,8,0,8,0,0,0,56.51,20.90174,55.211,18.5746,0
"Himachal Pradesh",Chamba,PMGSY-II,6,0,6,0,0,0,109.53,87.984,109.53,82.1913,0
"Himachal Pradesh",Kangra,PMGSY-I,779,18,778,17,1,1,3190.634,949.49646,3135.685,838.4927,14.4
"Himachal Pradesh",Kangra,PMGSY-II,24,0,24,0,0,0,234.39,156.6955,234.025,151.5347,0
"Himachal Pradesh",Kinnaur,PMGSY-I,59,1,57,1,2,0,503.72,172.70948,475.53,164.4658,5.405
"Himachal Pradesh",Kullu,PMGSY-I,250,6,250,6,0,0,1871.363,734.0279,1804.998,682.2192,0
"Himachal Pradesh",Mandi,PMGSY-I,621,18,621,18,0,0,3818.94,1295.1334,3723.759,1247.0603,0
"Himachal Pradesh",Sirmaur,PMGSY-III,23,0,6,0,17,0,292.28,246.77044,124.94,127.2948,167.335
"Jammu And Kashmir",Anantnag,NA,7,0,0,0,7,0,19.5,NA,0,0,19.5
"Jammu And Kashmir",Baramula,PMGSY-II,14,0,13,0,1,0,87.95,110.6091,86.976,80.9236,0.4
"Jammu And Kashmir",Jammu,PMGSY-II,15,4,15,4,0,0,57.05,55.0959,57,43.1829,0
"Jammu And Kashmir",Kathua,PMGSY-II,5,2,5,2,0,0,27,26.1104,27,22.1769,0
"Jammu And Kashmir",Kathua,PMGSY-III,12,13,11,5,1,8,86.407,119.8515,77.405,98.6626,8.8
"Jammu And Kashmir",Kishtwar,PMGSY-II,5,0,3,0,2,0,18.75,17.339,17.9,12.4744,0.85
"Jammu And Kashmir",Kishtwar,PMGSY-III,5,0,4,0,1,0,37.45,32.92735,36.75,30.1072,0.7
"Jammu And Kashmir",Kulgam,PMGSY-I,104,2,104,2,0,0,343.98,287.5272,335.39,245.2923,0
"Jammu And Kashmir",Kulgam,PMGSY-III,6,3,6,0,0,3,41.137,43.38224,40.98,36.5974,0
"Jammu And Kashmir",Kupwara,PMGSY-II,16,0,16,0,0,0,62.25,79.56197,61.35,69.8861,0
"Jammu And Kashmir",Poonch,PMGSY-I,161,7,153,7,8,0,840.35,510.3447,800.81,521.5056,24.975
"Jammu And Kashmir",Poonch,NA,40,0,0,0,40,0,204.403,NA,0,0,204.403
"Jammu And Kashmir",Pulwama,PMGSY-I,120,0,120,0,0,0,330.63,200.9244,319.61,184.2638,0
"Jammu And Kashmir",Pulwama,PMGSY-III,18,3,14,0,4,3,127.145,166.67893,121.102,127.4257,6.53
"Jammu And Kashmir",Rajouri,NA,41,0,0,0,41,0,256.963,NA,0,0,256.963
"Jammu And Kashmir",Ramban,NA,24,0,0,0,24,0,155.62,NA,0,0,155.62
"Jammu And Kashmir",Samba,PMGSY-II,4,1,4,1,0,0,10.1,9.6632,10.1,7.1517,0
"Jammu And Kashmir",Shopian,PMGSY-I,85,0,85,0,0,0,290.15,172.09632,287.404,150.2823,0
"Jammu And Kashmir",Srinagar,PMGSY-II,1,0,1,0,0,0,7,4.625,4.2,2.2908,0
"Jammu And Kashmir",Srinagar,PMGSY-III,3,0,2,0,1,0,14.55,14.9233,10.95,12.8791,3.6
"Jammu And Kashmir",Udhampur,NA,20,0,0,0,20,0,133.931,NA,0,0,133.931
Jharkhand,Bokaro,PMGSY-III,15,9,14,8,1,1,162.527,118.8933,157.449,116.0497,3.96
Jharkhand,Deoghar,PM-JANMAN,2,0,0,0,2,0,1.4,1.28932,0,0,1.4
Jharkhand,Dumka,PMGSY-II,9,0,9,0,0,0,85.75,59.3747,85.7,50.4258,0
Jharkhand,Godda,PMGSY-I,157,15,157,15,0,0,586.195,235.78493,576.343,236.8575,0
Jharkhand,Gumla,PMGSY-II,4,2,4,2,0,0,44.75,29.5097,44.75,22.2428,0
Jharkhand,Hazaribagh,PM-JANMAN,3,0,0,0,3,0,7.325,7.1579,0,0,7.325
Jharkhand,Jamtara,PM-JANMAN,4,0,0,0,4,0,11.645,9.6589,0,0,11.645
Jharkhand,Khunti,PMGSY-II,11,0,11,0,0,0,136.355,89.8822,135.975,69.6886,0
Jharkhand,Latehar,PMGSY-III,15,13,0,0,15,13,146.116,109.45159,56.396,68.3145,89.72
Jharkhand,Lohardaga,RCPLWEA,18,14,13,13,5,1,172.155,173.70821,161.135,140.7994,9.42
Jharkhand,Palamu,RCPLWEA,14,10,9,8,5,2,110.547,141.3135,82.004,127.5626,27.44
Jharkhand,Palamu,PM-JANMAN,31,0,0,0,31,0,146.422,117.226,2.5,0,143.922
Jharkhand,"Pashchimi Singhbhum",PMGSY-I,467,40,462,34,5,6,2203.987,909.47745,2160.394,873.4257,10.47
Jharkhand,Ranchi,RCPLWEA,1,1,1,0,0,1,5.54,8.2123,5.54,7.6573,0
Jharkhand,Sahibganj,PMGSY-II,8,0,8,0,0,0,56.4,38.0902,56.4,34.1855,0
Jharkhand,"Saraikela Kharsawan",RCPLWEA,15,9,13,9,2,0,131.527,110.35551,131.527,113.1731,0
Jharkhand,Simdega,PMGSY-III,8,2,4,0,4,2,95.037,75.24856,74.109,65.7974,20.675
Karnataka,Belgaum,PMGSY-I,152,1,152,1,0,0,822.41,153.6108,822.21,155.1956,0
Karnataka,Belgaum,PMGSY-III,52,1,50,1,2,0,360.327,219.20854,339.527,200.5601,9.517
Karnataka,Bellary,PMGSY-I,103,6,103,6,0,0,613.73,117.3064,613.73,125.0896,0
Karnataka,Bidar,PMGSY-I,97,0,97,0,0,0,507.76,102.6897,507.76,118.0037,0
Karnataka,Chitradurga,PMGSY-III,26,0,26,0,0,0,168.18,88.6759,167.91,85.7989,0
Karnataka,"Dakshina Kannada",PMGSY-I,138,2,138,2,0,0,534.93,163.3416,534.93,208.7448,0
Karnataka,"Dakshina Kannada",PMGSY-II,14,2,14,2,0,0,90.51,57.2209,90.2,59.1035,0
Karnataka,Gadag,PMGSY-I,55,0,55,0,0,0,417.46,82.8703,417.46,98.2365,0
Karnataka,Gulbarga,PMGSY-II,7,0,7,0,0,0,90.93,42.5675,89.62,41.1667,0
Karnataka,Haveri,PMGSY-II,12,0,12,0,0,0,70,30.4975,69.035,29.6601,0
Karnataka,Haveri,PMGSY-III,26,4,22,3,4,1,213.83,149.84251,193.614,123.6333,13.81
Karnataka,Mysore,PM-JANMAN,16,1,0,0,16,1,33.405,26.77325,0,0,33.405
Karnataka,Raichur,PMGSY-I,138,4,138,4,0,0,763.582,148.9996,763.582,159.5051,0
Karnataka,Ramnagar,PMGSY-I,74,0,74,0,0,0,282.09,46.1142,282.09,53.2614,0
Karnataka,Ramnagar,PMGSY-II,10,0,10,0,0,0,60.11,19.9574,55.708,18.7171,0
Karnataka,Shimoga,PMGSY-I,169,0,169,0,0,0,735.48,159.3763,735.635,189.7799,0
Karnataka,Shimoga,PMGSY-II,13,1,13,1,0,0,100.89,48.1741,97.695,43.6212,0
Karnataka,Tumkur,PMGSY-III,51,5,47,5,4,0,300.526,190.41821,294.636,179.6884,5.43
Karnataka,Udupi,PMGSY-II,12,4,12,4,0,0,58.65,43.7056,57.99,42.1541,0
Karnataka,Udupi,PMGSY-III,24,7,24,7,0,0,148.502,137.2723,145.275,141.9198,0
Kerala,Kannur,PMGSY-I,131,0,131,0,0,0,367.308,156.0058,365.138,194.083,0
Kerala,Kannur,PMGSY-II,9,2,7,2,2,0,49.057,50.73585,48.522,44.9606,0.005
Kerala,Kasaragod,PMGSY-II,8,0,6,0,2,0,39.141,31.55872,30.203,23.0875,8.938
Kerala,Kasaragod,PMGSY-III,13,0,4,0,9,0,70.907,55.63142,67.305,24.513,3.265
Kerala,Kozhikode,PMGSY-I,131,0,131,0,0,0,289.146,133.6686,288.693,148.3041,0
"Madhya Pradesh",Alirajpur,PMGSY-II,3,0,3,0,0,0,38.55,24.43456,38.82,21.0181,0
"Madhya Pradesh",Balaghat,PMGSY-I,581,9,581,9,0,0,2289.165,608.85235,2237.528,622.0177,0
"Madhya Pradesh",Balaghat,PMGSY-III,30,8,29,6,1,2,382.282,251.85357,378.317,151.77,0.23
"Madhya Pradesh",Bhind,PMGSY-III,22,2,21,2,1,0,192.832,128.80379,188.545,100.2486,1.67
"Madhya Pradesh",Burhanpur,PMGSY-III,10,13,8,9,2,4,80.375,74.8902,70.411,38.5922,9.218
"Madhya Pradesh",Damoh,PMGSY-I,290,5,290,5,0,0,1032.78,327.17,1006.959,304.0001,0
"Madhya Pradesh",Datia,PMGSY-II,3,0,3,0,0,0,44.542,29.9998,44.542,24.1808,0
"Madhya Pradesh",Dewas,PMGSY-III,19,29,19,20,0,9,235.752,184.83371,232.068,121.7189,0
"Madhya Pradesh",Guna,PMGSY-I,322,2,322,0,0,2,1330.761,460.9418,1284.584,418.2637,0
"Madhya Pradesh",Guna,PMGSY-III,18,12,18,9,0,3,253.305,219.01579,250.291,168.8784,0
"Madhya Pradesh",Gwalior,PM-JANMAN,28,0,3,0,25,0,36.71,26.78014,7.969,0,28.615
"Madhya Pradesh",Hoshangabad,PMGSY-II,11,3,11,3,0,0,107.129,83.76794,106.112,83.6187,0
"Madhya Pradesh",Jabalpur,PMGSY-III,29,7,25,2,4,5,266.125,188.65052,242.792,127.1185,19.995
"Madhya Pradesh",Jhabua,PMGSY-III,22,23,22,22,0,1,228.838,184.2143,227.726,143.4275,0
"Madhya Pradesh",Katni,PMGSY-II,7,2,7,2,0,0,85.295,49.5771,83.757,42.2851,0
"Madhya Pradesh",Katni,PMGSY-III,25,3,23,1,2,2,229.589,155.29346,223.001,123.2109,1.046
"Madhya Pradesh",Khandwa,PMGSY-III,27,33,13,22,14,11,272.342,229.7278,225.596,128.9941,45.312
"Madhya Pradesh",Khargone,PMGSY-II,9,12,9,11,0,1,176.148,135.58831,176.508,119.5965,0
"Madhya Pradesh",Morena,PM-JANMAN,2,0,1,0,1,0,3.6,2.69933,1.982,0,1.5
"Madhya Pradesh",Narsinghpur,PM-JANMAN,6,0,0,0,6,0,64.2,68.80444,0,0,64.2
"Madhya Pradesh",Neemuch,PMGSY-III,9,12,9,11,0,1,134.074,116.00475,131.304,74.8422,0
"Madhya Pradesh",Niwari,PMGSY-I,120,3,120,3,0,0,444.855,129.7898,448.172,113.8069,0
"Madhya Pradesh",Niwari,PMGSY-II,3,0,3,0,0,0,20.59,11.70144,19.951,8.8303,0
"Madhya Pradesh",Panna,PMGSY-I,317,8,317,8,0,0,1511.53,484.9912,1421.678,483.1647,0
"Madhya Pradesh",Panna,PMGSY-III,17,20,13,10,4,10,238.505,219.4823,221.967,141.7085,13.76
"Madhya Pradesh",Rajgarh,PMGSY-I,427,10,427,10,0,0,1661.48,532.86189,1579.762,456.2403,0
"Madhya Pradesh",Ratlam,PMGSY-III,18,22,18,18,0,4,231.447,216.06439,226.711,147.179,0
"Madhya Pradesh",Rewa,PMGSY-II,8,2,8,2,0,0,133.65,87.0665,130.7,78.6302,0
"Madhya Pradesh",Rewa,PMGSY-III,27,5,25,5,2,0,287.995,183.17878,280.414,133.6034,2.9
"Madhya Pradesh",Seoni,PM-JANMAN,2,0,0,0,2,0,2.675,1.69749,0,0,2.675
"Madhya Pradesh",Shahdol,PMGSY-III,20,3,17,2,3,1,196.28,120.3251,184.376,72.7629,11.79
"Madhya Pradesh",Shajapur,PMGSY-III,12,31,11,24,1,7,170.64,175.35133,166.441,123.9631,0.835
"Madhya Pradesh",Shivpuri,PMGSY-II,10,3,10,3,0,0,190.632,134.90602,185.327,111.9422,0
"Madhya Pradesh",Shivpuri,PMGSY-III,25,11,24,8,1,3,340.067,276.18536,333.653,194.7953,0.37
"Madhya Pradesh",Sidhi,PMGSY-II,1,2,1,2,0,0,17.225,11.1029,17.225,9.6652,0
"Madhya Pradesh",Singrauli,PMGSY-III,11,0,11,0,0,0,150.8,99.8944,150.164,75.8621,0
Maharashtra,Ahmednagar,PMGSY-II,19,3,19,3,0,0,133.9,72.7943,126.53,68.16,0
Maharashtra,Amrawati,PMGSY-I,124,26,124,26,0,0,591.53,137.9873,578.33,136.3922,0
Maharashtra,Bhandara,PMGSY-III,24,1,22,0,2,1,148.61,112.12138,145.618,85.4898,0.2
Maharashtra,Dhule,PMGSY-I,168,50,166,50,2,0,785.565,321.2574,748.235,307.7749,20.91
Maharashtra,Dhule,PMGSY-III,13,7,3,0,10,7,125.075,110.2362,90.57,62.7375,28.815
Maharashtra,Gadchiroli,RCPLWEA,26,68,20,63,6,5,487.716,688.75014,420.956,435.1647,66.76
Maharashtra,Jalna,PMGSY-I,175,65,175,65,0,0,818.15,230.2545,810.626,232.4458,0
Maharashtra,Nanded,PMGSY-I,119,20,119,20,0,0,644.39,160.0989,612.78,166.7206,0
Maharashtra,Palghar,PMGSY-III,17,0,4,0,13,0,114.291,117.7608,66.787,61.6576,47.22
Maharashtra,Pune,PMGSY-I,259,16,258,16,1,0,1444.48,397.1502,1423.542,421.8152,3.12
Maharashtra,Pune,PMGSY-II,19,0,19,0,0,0,128.54,71.0317,124.44,68.8709,0
Maharashtra,Ratnagiri,PMGSY-I,147,0,147,0,0,0,443.973,150.8118,443.715,155.6318,0
Maharashtra,Satara,PMGSY-III,56,0,16,0,40,0,304.79,232.9597,177.882,139.5207,124.945
Maharashtra,Washim,PMGSY-III,17,8,10,0,7,8,103.935,97.89375,85.935,68.6414,16.635
Maharashtra,Yavatmal,PMGSY-I,147,37,147,37,0,0,913.3,230.781,918.3,567.0564,0
Maharashtra,Yavatmal,PMGSY-II,13,5,13,5,0,0,82.94,49.785,82.94,52.8659,0
Maharashtra,Yavatmal,PMGSY-III,30,26,28,0,2,26,240.7,229.27766,234.854,197.6439,3.35
Manipur,Bishnupur,PMGSY-I,149,7,147,6,2,1,362.089,161.94646,389.07,145.587,0
Manipur,Bishnupur,PMGSY-II,7,0,6,0,1,0,35.57,28.9618,35.37,22.3727,0.3
Manipur,Chandel,PMGSY-I,218,15,195,10,23,5,1606.94,684.57053,1550.492,628.5127,33.43
Manipur,Churachandpur,PMGSY-III,3,0,0,0,3,0,22.14,18.76678,0,0.161,22.14
Manipur,"Imphal East",PMGSY-II,15,0,14,0,1,0,85.72,71.2072,85.52,58.6697,0.2
Manipur,"Imphal West",PMGSY-I,206,11,206,9,0,2,396.56,160.95803,386.22,122.9102,0
Manipur,Senapati,PMGSY-I,276,33,264,30,12,3,2028.13,881.77681,1970.52,821.6295,33.21
Manipur,Senapati,PMGSY-II,4,2,3,2,1,0,22.38,22.0518,16.38,16.5409,6
Manipur,Senapati,PMGSY-III,11,0,0,0,11,0,120.14,96.71633,0,0.7453,120.14
Manipur,Tamenglong,PMGSY-I,175,24,139,16,36,8,1697.24,796.65261,1610.025,666.0035,88.18
Meghalaya,"East Garo Hills",PMGSY-I,132,22,128,22,4,0,560.179,412.41858,542.65,447.5456,14.827
Meghalaya,"East Khasi Hills",PMGSY-I,191,3,190,3,1,0,742.539,365.36525,733.579,348.7814,0.975
Meghalaya,Ribhoi,PMGSY-III,12,0,2,0,10,0,156.22,138.73122,24.1,23.3355,132.12
Meghalaya,"South Garo Hills",PMGSY-I,34,18,31,18,3,0,129.993,183.4722,124.586,180.3663,5.638
Meghalaya,"West Garo Hills",PMGSY-II,22,4,21,4,1,0,98.48,98.78554,98.53,93.2918,0
Meghalaya,"West Khasi Hills",PMGSY-I,213,11,208,11,5,0,967.815,539.2124,946.571,497.6082,19.513
Mizoram,Aizawl,PMGSY-I,64,0,64,0,0,0,759.82,355.6042,757.82,352.1993,0
Mizoram,Kolasib,PMGSY-III,1,0,0,0,1,0,6.12,4.6329,6.12,0,0
Mizoram,Lunglei,PMGSY-I,59,0,55,0,4,0,738.914,537.8182,732.178,501.3395,3.162
Mizoram,Mamit,PMGSY-II,1,0,1,0,0,0,9.75,9.919,9.75,10.029,0
Mizoram,Serchhip,PMGSY-II,1,0,1,0,0,0,16,14.2014,15.5,11.0998,0
Nagaland,Kiphire,PMGSY-I,38,10,37,10,1,0,667.74,243.3672,655.74,241.5537,12
Nagaland,Longleng,PMGSY-II,1,0,1,0,0,0,11.4,11.0391,11.4,11.0379,0
Nagaland,Tuensang,PMGSY-III,5,0,0,0,5,0,59.66,58.4939,0,3.596,59.66
Nagaland,Zunheboto,PMGSY-I,41,5,41,5,0,0,443.64,118.7847,444,118.6371,0
Nagaland,Zunheboto,PMGSY-III,8,0,0,0,8,0,103.31,110.9257,0,1.2256,103.31
Odisha,Bhadrak,PMGSY-III,34,1,27,0,7,1,198.23,115.9142,173.909,98.7994,25.485
Odisha,Gajapati,PMGSY-III,36,0,36,0,0,0,198,124.7562,196.758,118.2245,0
Odisha,Ganjam,PMGSY-III,110,16,73,5,37,11,631.133,441.95485,500.008,322.0943,123.575
Odisha,Jajpur,PMGSY-I,448,18,448,18,0,0,1564.9,729.37584,1499.873,715.1697,0
Odisha,Jharsuguda,PMGSY-I,136,3,136,3,0,0,399.273,127.4554,392.113,119.349,0
Odisha,Kalahandi,PMGSY-I,747,58,747,58,0,0,3325.484,1409.96473,3150.211,1413.0032,0
Odisha,Kendrapara,PMGSY-II,26,0,26,0,0,0,107.3,52.7669,106.189,52.4654,0
Odisha,Keonjhar,PMGSY-III,53,4,50,4,3,0,372.085,234.1436,356.679,222.2927,5.373
Odisha,Malkangiri,PMGSY-I,461,40,460,37,1,3,2109.2,872.40848,2071.274,1054.3312,4.41
Odisha,Malkangiri,PMGSY-II,12,0,12,0,0,0,83.4,36.9716,83.045,30.555,0
Odisha,Malkangiri,RCPLWEA,30,0,29,0,1,0,353.815,314.24901,343.853,285.9504,6.1
Odisha,Malkangiri,PM-JANMAN,1,0,0,0,1,0,9.5,8.6044,0,0,9.5
Odisha,Mayurbhanj,PMGSY-I,1263,32,1263,32,0,0,4546.134,1828.07024,4349.94,1866.873,0
Odisha,Nayagarh,PMGSY-I,351,11,350,11,1,0,1251.285,627.21815,1202.438,603.8598,2.9
Odisha,Puri,PMGSY-I,634,8,634,8,0,0,2028.235,1028.8145,1963.892,1028.8642,0
Odisha,Puri,PMGSY-III,40,1,27,0,13,1,293.841,174.94112,264.231,147.396,25.825
Odisha,Rayagada,PMGSY-III,47,5,41,5,6,0,359.817,257.217,350.295,222.8482,11.002
Odisha,Sonepur,PMGSY-II,19,1,19,1,0,0,73.086,36.7171,71.652,33.5135,0
Odisha,Sundargarh,PMGSY-I,988,65,988,65,0,0,3754.383,1726.76572,3645.268,1754.2738,0
Punjab,Barnala,PMGSY-II,3,1,3,1,0,0,40.45,28.6027,40.45,22.5468,0
Punjab,Barnala,PMGSY-III,9,1,8,0,1,1,115.59,101.43958,99.104,71.8201,16.17
Punjab,Faridkot,PMGSY-I,23,0,23,0,0,0,190.581,80.2681,190.575,72.9015,0
Punjab,Faridkot,PMGSY-II,8,0,8,0,0,0,71.88,43.2546,70.48,42.0938,0
Punjab,Hoshiarpur,PMGSY-II,2,0,2,0,0,0,25.6,18.2157,25.6,13.5352,0
Punjab,Jalandhar,PMGSY-III,17,1,10,0,7,1,184.92,154.06062,106.682,52.0122,77.44
Punjab,Kapurthala,PMGSY-I,43,0,43,0,0,0,246.385,85.3898,246.385,66.1599,0
Punjab,Kapurthala,PMGSY-III,10,0,4,0,6,0,83.46,56.04457,35.395,19.8927,48.065
Punjab,Ludhiana,PMGSY-III,29,7,28,1,1,6,346.892,335.48779,346.155,278.0797,0.64
Punjab,Mansa,PMGSY-II,14,0,14,0,0,0,173.4,109.1393,173.3,100.1623,0
Punjab,Mukatsar,PMGSY-I,93,0,93,0,0,0,485.107,198.9607,482.632,177.2442,0
Punjab,Nawashahar,PMGSY-II,1,0,1,0,0,0,8.38,6.1408,5.7,2.8514,0
Punjab,Pathankot,PMGSY-III,6,1,2,0,4,1,51.55,58.01704,35.12,30.6731,16.43
Punjab,Patiala,PMGSY-III,17,7,13,5,4,2,121.712,119.44707,98.66,92.3227,22.39
Punjab,Sangrur,PMGSY-II,8,1,8,1,0,0,105.43,66.852,102.925,47.5532,0
Rajasthan,Balotra,PMGSY-I,570,0,570,0,0,0,2733.445,468.9141,2680.217,410.6322,0
Rajasthan,Banswara,PMGSY-III,23,2,23,2,0,0,172.34,113.42684,167.93,84.6124,0
Rajasthan,Baran,PMGSY-I,311,12,311,12,0,0,1243.166,301.2303,1171.87,302.0229,0
Rajasthan,Baran,PMGSY-II,11,0,11,0,0,0,99.745,45.27195,99.799,40.3299,0
Rajasthan,Barmer,PMGSY-I,907,0,907,0,0,0,4337.705,746.3548,4186.12,661.9552,0
Rajasthan,Bhilwara,PMGSY-I,604,0,604,0,0,0,2288.49,429.6578,2189.428,386.6147,0
Rajasthan,Bikaner,PMGSY-II,9,0,9,0,0,0,84,23.6534,84,18.4886,0
Rajasthan,Bikaner,PMGSY-III,26,0,25,0,1,0,278.86,122.69569,263.21,90.672,15
Rajasthan,Deeg,PMGSY-III,13,0,13,0,0,0,100.57,74.12449,99.87,64.6454,0
Rajasthan,Dholpur,PMGSY-III,25,0,25,0,0,0,241.186,119.52563,240.89,113.1364,0
Rajasthan,Dungarpur,PMGSY-I,1001,0,1001,0,0,0,2820.22,766.6567,2691.941,661.5755,0
Rajasthan,Dungarpur,PMGSY-III,25,2,25,1,0,1,267.22,177.40371,267.22,125.6045,0
Rajasthan,Hanumangarh,PMGSY-III,22,0,22,0,0,0,217.64,103.43357,214.295,81.8336,0
Rajasthan,Jaipur,PMGSY-III,42,0,40,0,2,0,441.77,251.2557,431.017,184.4449,1.01
Rajasthan,Jaisalmer,PMGSY-II,4,0,4,0,0,0,42.4,10.556,44.3,7.3494,0
Rajasthan,Jaisalmer,PMGSY-III,20,0,19,0,1,0,196.9,96.43175,193.33,73.9529,3
Rajasthan,Jalor,PMGSY-III,17,0,17,0,0,0,139.78,71.5328,135.89,48.4593,0
Rajasthan,Jhunjhunun,PMGSY-I,574,0,574,0,0,0,1953.775,490.1187,1893.688,419.9541,0
Rajasthan,Jodhpur,PMGSY-III,29,0,29,0,0,0,331.57,195.23565,330.8,139.1634,0
Rajasthan,Kota,PMGSY-II,10,0,10,0,0,0,71.1,32.3964,70.6,29.3786,0
Rajasthan,Pali,PMGSY-II,11,1,11,1,0,0,118.5,63.8277,118.5,50.2365,0
Rajasthan,Phalodi,PMGSY-I,382,0,382,0,0,0,2164.96,348.9677,2108.81,312.4522,0
Rajasthan,Phalodi,PMGSY-III,16,0,16,0,0,0,192.9,101.7562,193.35,77.4751,0
Rajasthan,Pratapgarh,PMGSY-III,12,2,9,2,3,0,114.78,76.98488,107.689,54.7731,7
Rajasthan,Sikar,PMGSY-III,31,0,31,0,0,0,325.98,205.1726,324.295,157.5945,0
Rajasthan,Tonk,PMGSY-III,32,0,32,0,0,0,239.343,139.19612,241.1,106.3139,0
Rajasthan,Udaipur,PMGSY-III,44,3,43,1,1,2,427.425,291.12291,414.865,216.6411,10
"Tamil Nadu",Coimbatore,PMGSY-I,160,5,160,5,0,0,330.124,107.93731,326.648,192.651,0
"Tamil Nadu",Erode,PMGSY-I,230,1,230,1,0,0,513.66,134.35828,506.001,126.0865,0
"Tamil Nadu",Kanchipuram,PMGSY-III,12,0,6,0,6,0,37.838,21.92361,33.151,9.454,4.687
"Tamil Nadu",Kanniyakumari,PMGSY-II,1,0,1,0,0,0,1.85,0.8478,1.85,0.8683,0
"Tamil Nadu",Karur,PMGSY-I,181,0,181,0,0,0,475.43,116.62593,474.355,106.3399,0
"Tamil Nadu",Krishnagiri,PMGSY-I,210,7,210,7,0,0,443.188,139.18744,438.612,119.6094,0
"Tamil Nadu",Krishnagiri,PMGSY-II,40,2,40,2,0,0,118.23,56.26929,118.23,59.1974,0
"Tamil Nadu",Madurai,PMGSY-III,18,0,18,0,0,0,62.41,39.60853,62.255,32.6161,0
"Tamil Nadu",Nagapattinam,PMGSY-III,38,5,34,4,4,1,156.203,153.38103,134.488,161.3573,21.72
"Tamil Nadu",Pudukkottai,PMGSY-III,77,0,63,0,14,0,335.616,197.66193,312.136,101.0613,23.665
"Tamil Nadu",Ranipet,PMGSY-II,7,0,7,0,0,0,19.552,7.5257,19.552,7.7246,0
"Tamil Nadu",Salem,PMGSY-II,6,0,6,0,0,0,21.955,9.72781,21.955,11.008,0
"Tamil Nadu",Tenkasi,PMGSY-III,16,0,10,0,6,0,64.615,30.9733,64.61,17.3219,0.005
"Tamil Nadu",Thanjavur,PMGSY-III,29,1,19,1,10,0,109.826,65.78695,82.231,39.9495,27.595
"Tamil Nadu","The Nilgiris",PMGSY-I,106,0,106,0,0,0,268.592,109.62261,264.482,91.8806,0
"Tamil Nadu","The Nilgiris",PMGSY-III,17,0,2,0,15,0,68.005,70.5887,35.967,16.9444,32.038
"Tamil Nadu",Theni,PMGSY-III,6,1,6,1,0,0,19.2,14.12334,18.962,10.6923,0
"Tamil Nadu",Tiruchirappalli,PMGSY-III,83,1,75,1,8,0,323.195,177.88772,309.713,104.1351,12.949
"Tamil Nadu",Tiruppur,PMGSY-I,285,2,285,2,0,0,627.378,136.4948,623.583,27.9211,0
"Tamil Nadu",Tiruppur,PMGSY-II,18,0,18,0,0,0,51.063,20.64843,51.063,21.4199,0
"Tamil Nadu",Tiruvallur,PMGSY-II,12,0,12,0,0,0,40.435,13.93617,40.435,13.8781,0
"Tamil Nadu",Tiruvarur,PMGSY-II,74,12,74,12,0,0,224.342,197.66552,224.343,212.5394,0
"Tamil Nadu",Virudhunagar,PMGSY-I,204,1,204,1,0,0,435.383,115.97783,432.471,107.1353,0
Telangana,Adilabad,PMGSY-I,186,28,180,28,6,0,654.472,193.42658,578.392,48.196,30.75
Telangana,Jagitial,PMGSY-I,83,6,83,6,0,0,270.489,44.4377,266.892,87.5639,0
Telangana,"Jayashankar Bhoopalapally",PMGSY-I,53,7,53,7,0,0,190.555,56.47182,190.805,72.0802,0
Telangana,Kamareddy,PMGSY-II,4,1,4,1,0,0,36.94,24.3256,36.94,24.8706,0
Telangana,Khammam,PMGSY-III,16,7,13,2,3,5,115.803,99.76101,106.807,71.3487,4.654
Telangana,"Komrambheem Asifabad",RCPLWEA,31,33,8,12,23,21,262.66,407.15149,118.645,153.213,142.191
Telangana,"Komrambheem Asifabad",PM-JANMAN,8,0,0,0,8,0,19.85,19.73805,1,0,18.85
Telangana,Mahabubabad,PMGSY-II,4,0,4,0,0,0,24.805,12.7995,24.35,11.496,0
Telangana,Mahabubabad,PMGSY-III,15,12,3,1,12,11,103.632,96.02237,37.184,71.2069,66.275
Telangana,Mancherial,PMGSY-II,1,0,1,0,0,0,5.35,2.645,5.35,1.9849,0
Telangana,"Medchal Malkajgiri",PMGSY-II,2,1,2,1,0,0,15.59,14.3107,12.282,10.2042,0
Telangana,"Medchal Malkajgiri",PMGSY-III,3,0,2,0,1,0,19,12.84368,15.789,7.6784,2.338
Telangana,Mulugu,PMGSY-III,2,0,1,0,1,0,13.55,8.805,9.6,10.0687,3
Telangana,Nalgonda,PMGSY-I,128,11,128,11,0,0,618.22,139.1826,609.341,83.8783,0
Telangana,"Rajanna Sircilla",PMGSY-II,2,0,2,0,0,0,23.18,14.2471,21.224,12.9352,0
Telangana,"Ranga Reddy",PMGSY-I,108,22,108,22,0,0,437.925,100.8337,430.273,185.4617,0
Telangana,"Ranga Reddy",PMGSY-II,7,2,7,2,0,0,64.62,39.096,60.159,36.0022,0
Telangana,Vikarabad,PMGSY-III,13,2,9,0,4,2,93.085,60.13381,74.413,47.4115,16.598
Telangana,Wanaparthy,PMGSY-I,25,2,25,2,0,0,106.049,20.8285,101.24,9.949,0
Telangana,"Warangal Urban",PMGSY-I,34,0,34,0,0,0,86.149,11.6626,85.905,23.1814,0
Telangana,"Warangal Urban",PMGSY-III,5,3,3,0,2,3,34.5,34.8,28.547,26.7396,5.05
Telangana,"Yadadri Bhongiri",PMGSY-I,61,1,61,1,0,0,260.179,40.5621,267.105,-267.0415,0
Tripura,Dhalai,PMGSY-I,177,5,163,3,14,2,827.804,548.78394,706.504,476.4238,61.418
Tripura,"North Tripura",PMGSY-II,4,0,4,0,0,0,20.642,20.93553,20.642,21.8013,0
Tripura,Sepahijala,PMGSY-I,207,4,207,4,0,0,648.341,388.9445,614.046,404.7569,0
Tripura,Sepahijala,PMGSY-II,4,0,4,0,0,0,24.428,26.37909,24.428,28.9564,0
"Uttar Pradesh",Agra,PMGSY-II,16,0,16,0,0,0,122.005,101.2449,120.971,79.9269,0
"Uttar Pradesh",Ambedkarnagar,PMGSY-I,204,0,204,0,0,0,584.768,179.7895,572.209,168.0181,0
"Uttar Pradesh",Badaun,PMGSY-III,22,0,22,0,0,0,143.705,96.9952,141.583,80.4611,0
"Uttar Pradesh",Baghpat,PMGSY-III,12,0,12,0,0,0,72.715,31.08809,72.635,29.486,0
"Uttar Pradesh",Ballia,PMGSY-II,15,0,15,0,0,0,99.65,62.4179,97.229,56.6339,0
"Uttar Pradesh",Balrampur,PMGSY-I,195,0,195,0,0,0,607.479,189.1193,599.137,179.4222,0
"Uttar Pradesh",Banda,PMGSY-I,141,0,141,0,0,0,469.34,134.1771,455.706,142.1612,0
"Uttar Pradesh",Barabanki,PMGSY-III,57,0,57,0,0,0,431.745,406.3758,425.965,378.3801,0
"Uttar Pradesh",Bijnor,PMGSY-III,19,0,19,0,0,0,135.038,90.1265,135.038,74.9555,0
"Uttar Pradesh",Bulandshahr,PMGSY-III,42,0,42,0,0,0,296.13,183.67973,287.691,158.8821,0
"Uttar Pradesh",Chandauli,RCPLWEA,7,0,7,0,0,0,80.925,45.6326,80.55,43.1226,0
"Uttar Pradesh",Chitrakoot,PMGSY-II,14,0,14,0,0,0,101.7,55.808,101.699,51.8173,0
"Uttar Pradesh",Etawah,PMGSY-II,18,0,18,0,0,0,108.6,65.9403,106.1,55.1888,0
"Uttar Pradesh",Etawah,PMGSY-III,25,0,25,0,0,0,181.12,127.73929,179.67,100.1738,0
"Uttar Pradesh",Fatehpur,PMGSY-III,59,0,35,0,24,0,466.05,442.89172,302.449,239.3102,162.738
"Uttar Pradesh",Gonda,PMGSY-III,66,0,66,0,0,0,460.485,334.92296,459.02,336.1537,0
"Uttar Pradesh",Hamirpur,PMGSY-II,9,0,9,0,0,0,96.9,42.4343,96.9,36.4839,0
"Uttar Pradesh",Hamirpur,PMGSY-III,19,0,18,0,1,0,157,110.9985,145.611,88.4668,9.85
"Uttar Pradesh",Hardoi,PMGSY-III,67,0,67,0,0,0,480.658,350.96026,474.698,298.5559,0
"Uttar Pradesh",Hathras,PMGSY-III,20,0,20,0,0,0,180.19,150.75601,177.344,117.5216,0
"Uttar Pradesh",Jalaun,PMGSY-III,21,0,21,0,0,0,144.845,92.99378,141.845,65.298,0
"Uttar Pradesh",Jaunpur,PMGSY-III,57,0,57,0,0,0,374.87,265.2944,371.095,231.8728,0
"Uttar Pradesh",Jhansi,PMGSY-I,131,0,131,0,0,0,498.815,156.5845,481.231,141.9012,0
"Uttar Pradesh","Kanpur Dehat",PMGSY-III,33,0,23,0,10,0,238.679,199.11752,167.607,117.0542,61.705
"Uttar Pradesh",Kasganj,PMGSY-I,114,0,114,0,0,0,368.925,116.5174,364.388,111.4347,0
"Uttar Pradesh",Kushinagar,PMGSY-I,289,0,289,0,0,0,1041.804,357.591,1036.11,330.9882,0
"Uttar Pradesh",Lalitpur,PMGSY-II,14,0,14,0,0,0,110.291,66.9178,109.891,61.9163,0
"Uttar Pradesh",Maharajganj,PMGSY-II,16,0,16,0,0,0,104.45,66.1358,105.2,58.6796,0
"Uttar Pradesh",Mahoba,PMGSY-III,14,0,11,0,3,0,115.82,78.48959,109.98,67.102,5.39
"Uttar Pradesh",Mainpuri,PMGSY-I,243,0,242,0,1,0,480.101,104.4497,474.093,89.4605,1
"Uttar Pradesh",Mathura,PMGSY-II,11,0,11,0,0,0,94.5,69.5562,90.835,58.4898,0
"Uttar Pradesh",Mau,PMGSY-III,28,0,28,0,0,0,196.93,172.90397,193.785,158.3352,0
"Uttar Pradesh",Meerut,PMGSY-I,289,0,289,0,0,0,660.754,147.5156,649.583,141.2229,0
"Uttar Pradesh",Meerut,PMGSY-III,23,0,23,0,0,0,203.857,111.6808,195.207,90.2045,0
"Uttar Pradesh",Moradabad,PMGSY-I,221,0,221,0,0,0,583.48,157.0073,567.097,152.6761,0
"Uttar Pradesh",Moradabad,PMGSY-II,12,0,12,0,0,0,90.989,44.6565,87.899,40.6243,0
"Uttar Pradesh",Moradabad,PMGSY-III,23,0,23,0,0,0,142.535,86.95423,138.542,68.764,0
"Uttar Pradesh",Muzaffarnagar,PMGSY-II,12,0,12,0,0,0,105.85,52.16453,105.85,46.1786,0
"Uttar Pradesh",Pilibhit,PMGSY-II,11,1,11,1,0,0,77.75,40.98453,75.76,40.1661,0
"Uttar Pradesh",Pratapgarh,PMGSY-I,382,0,382,0,0,0,1114.335,230.3692,1082.53,207.0207,0
"Uttar Pradesh","Rae Bareli",PMGSY-III,67,0,59,0,8,0,493.58,414.98825,442.219,310.8985,47.175
"Uttar Pradesh",Rampur,PMGSY-II,13,0,13,0,0,0,100.8,52.66694,100.7,46.2817,0
"Uttar Pradesh","S.K. Nagar",PMGSY-III,23,0,23,0,0,0,152.4,137.38049,151.35,122.1548,0
"Uttar Pradesh",Saharanpur,PMGSY-III,38,0,37,0,1,0,280.52,167.3443,271.765,135.1198,0.026
"Uttar Pradesh",Shahjahanpur,PMGSY-I,296,0,296,0,0,0,987.46,353.0337,961.85,347.2636,0
"Uttar Pradesh",Shamli,PMGSY-III,17,0,17,0,0,0,149.55,100.38982,149.138,90.339,0
"Uttar Pradesh",Shrawasti,PMGSY-II,9,0,9,0,0,0,95.565,66.9524,92.706,60.9933,0
"Uttar Pradesh",Sonebhadra,PMGSY-III,28,0,26,0,2,0,237.15,177.62324,221.9,136.8736,14.75
"Uttar Pradesh",Varanasi,PMGSY-II,16,0,16,0,0,0,98,40.37843,96.605,35.7274,0
"Uttar Pradesh",Varanasi,PMGSY-III,16,0,16,0,0,0,94.4,34.6486,92.484,28.2152,0
Uttarakhand,Bageshwar,PMGSY-III,12,0,2,0,10,0,105.73,83.11198,62.4,47.5082,43.33
Uttarakhand,Champawat,PMGSY-II,4,0,4,0,0,0,42,26.0547,42,25.7562,0
Uttarakhand,Pauri,PMGSY-I,271,16,271,14,0,2,2014.619,931.72223,1992.73,931.4248,0
Uttarakhand,Pithoragarh,PMGSY-II,13,0,13,0,0,0,89.6,59.7582,87.55,56.7585,0
"West Bengal",Birbhum,PMGSY-I,344,2,344,2,0,0,2244.611,895.89926,2221.185,824.4759,0
"West Bengal",Birbhum,PMGSY-II,7,0,7,0,0,0,76.75,61.97305,76.221,59.7094,0
"West Bengal","Dakshin Dinajpur",PMGSY-I,248,0,248,0,0,0,926.373,449.5262,919.535,391.7352,0
"West Bengal","Dakshin Dinajpur",PMGSY-II,8,1,8,1,0,0,88.04,70.64917,86.1,65.8269,0
"West Bengal","Dakshin Dinajpur",PMGSY-III,16,0,0,0,16,0,140.085,79.93224,2.625,18.2155,137.46
"West Bengal",Hooghly,PMGSY-II,15,0,15,0,0,0,96.426,74.68126,96.426,64.3534,0
"West Bengal",Jalpaiguri,PMGSY-I,154,2,154,2,0,0,945.253,392.79428,928.005,348.2809,0
"West Bengal",Jalpaiguri,PMGSY-II,16,0,16,0,0,0,95.62,78.00579,93.74,67.0303,0
"West Bengal",Jalpaiguri,PMGSY-III,19,2,8,0,11,2,117.163,97.10361,63.354,47.4932,53.34
"West Bengal",Jhargram,PMGSY-II,5,0,5,0,0,0,68.099,59.2613,68.099,46.319,0
"West Bengal",Maldah,PMGSY-II,20,0,20,0,0,0,174.297,141.17538,172.705,117.3991,0
"West Bengal",Maldah,PMGSY-III,32,0,10,0,22,0,241.086,154.71073,72.788,61.9895,167.536
"West Bengal",Murshidabad,PMGSY-I,410,4,410,4,0,0,2053.367,922.56231,2032.725,841.8226,0
"West Bengal",Nadia,PMGSY-III,24,1,9,0,15,1,138.848,106.38457,65.027,37.0752,74.008
"West Bengal","Purba Burdwan",PMGSY-II,9,0,9,0,0,0,119.24,98.5914,119.655,89.0774,0
"West Bengal","Purba Medinipur",PMGSY-I,202,4,202,4,0,0,1304.068,658.48287,1290.698,609.6855,0
"West Bengal",Purulia,PMGSY-II,18,0,18,0,0,0,143.66,112.21407,142.905,82.0457,0
"West Bengal","Siliguri M.P.",PMGSY-II,8,0,8,0,0,0,35.022,24.46831,34.852,19.3307,0
"West Bengal",Uttardinajpur,PMGSY-II,10,0,10,0,0,0,81.437,68.09995,78.597,60.6663,0
"Andaman And Nicobar",Nicobar,PMGSY-III,10,0,0,0,10,0,102.585,116.3138,0,0,102.585
"Andaman And Nicobar","North and Middle Andaman",PMGSY-I,32,0,32,0,0,0,60.169,24.6908,59.19,20.2901,0
"Andhra Pradesh",Anantapur,PMGSY-I,207,22,207,21,0,1,862.65,214.7772,854.249,213.899,0
"Andhra Pradesh",Anantapur,PMGSY-II,8,0,8,0,0,0,75.02,29.9953,74.961,27.1823,0
"Andhra Pradesh",Anantapur,PMGSY-III,16,5,14,0,2,5,145.623,109.8399,134.614,89.0482,6.293
"Andhra Pradesh",Bapatla,PMGSY-II,6,0,6,0,0,0,53.43,28.7436,53.763,24.3953,0
"Andhra Pradesh","Dr BR Ambedkar Konaseema",PMGSY-I,209,8,209,8,0,0,443.65,126.9822,427.215,141.9707,0
"Andhra Pradesh","Dr BR Ambedkar Konaseema",PMGSY-II,6,0,6,0,0,0,47.223,24.736,45.354,20.979,0
"Andhra Pradesh",Eluru,PM-JANMAN,7,0,0,0,7,0,34.868,26.36,0,0,34.868
"Andhra Pradesh",Guntur,PMGSY-I,109,1,109,1,0,0,266.58,50.3647,273.22,49.8978,0
"Andhra Pradesh",Guntur,PMGSY-III,11,3,6,0,5,3,68.444,61.4522,52.724,38.9143,15.247
"Andhra Pradesh",Kakinada,RCPLWEA,3,0,3,0,0,0,19.47,12.19,19.47,10.7893,0
"Andhra Pradesh",Nandyal,PM-JANMAN,1,0,0,0,1,0,7.11,4.4,0,0,7.11
"Andhra Pradesh",Palnadu,PMGSY-I,138,4,138,4,0,0,565.97,142.3531,565.606,150.4727,0
"Andhra Pradesh","Parvathipuram Manyam",PMGSY-I,141,4,135,4,6,0,435.81,144.1695,396.601,135.1793,24.393
"Andhra Pradesh",Prakasam,PMGSY-I,147,27,147,27,0,0,637.849,205.5158,620.485,199.8045,0
"Andhra Pradesh","Sri Sathya Sai",PMGSY-II,6,0,6,0,0,0,50.68,26.0758,49.658,21.8303,0
"Andhra Pradesh",Tirupati,PMGSY-II,6,0,6,0,0,0,50.145,23.1713,46.946,18.9505,0
"Andhra Pradesh","West Godavari",PMGSY-I,157,5,157,5,0,0,311.412,75.9481,303.043,55.5522,0
"Andhra Pradesh","Y S R Kadapa",PMGSY-I,151,8,151,8,0,0,467.465,129.9053,447.208,125.7078,0
"Andhra Pradesh","Y S R Kadapa",PMGSY-III,36,8,26,0,10,8,315.088,242.9157,211.607,112.4758,92.279
"Arunachal Pradesh","Dibang Valley",PMGSY-I,16,0,13,0,3,0,201.68,203.992,197.68,178.7607,4
"Arunachal Pradesh","East Kameng",PMGSY-III,8,0,2,0,6,0,51.9,44.84425,47.09,27.8915,4.03
"Arunachal Pradesh",Kamale,PMGSY-II,3,0,3,0,0,0,29.5,28.0793,29,28.2324,0
"Arunachal Pradesh","Kra Daadi",PMGSY-III,10,4,0,0,10,4,74.4,84.56496,20.9,32.8136,53.5
"Arunachal Pradesh",Longding,PMGSY-I,70,0,69,0,1,0,632.946,365.2963,632.609,370.2964,0.2
"Arunachal Pradesh","Lower Dibang Valley",PMGSY-I,29,4,29,4,0,0,171.48,104.4418,171.48,98.0461,0
"Arunachal Pradesh","Lower Siang",PMGSY-I,44,18,44,18,0,0,276.1,242.9949,266.99,244.5489,0
"Arunachal Pradesh","Lower Siang",PMGSY-II,3,0,3,0,0,0,7.56,3.2261,7.56,3.0301,0
"Arunachal Pradesh","Lower Subansiri",PMGSY-III,12,3,8,2,4,1,83.17,79.9842,60.85,84.5573,21.78
"Arunachal Pradesh",Tawang,PMGSY-II,7,0,7,0,0,0,36.89,22.4746,36.771,23.0489,0
"Arunachal Pradesh",Tirap,PMGSY-I,91,5,90,5,1,0,577.61,303.2083,572.34,303.6669,2.75
"Arunachal Pradesh","Upper Siang",PMGSY-I,45,17,42,15,3,2,556.19,412.68226,523.795,432.7326,27.2
"Arunachal Pradesh","Upper Subansiri",PMGSY-III,9,5,3,2,6,3,63.3,76.2592,50.7,59.7151,12.2
Assam,Bongaigaon,PMGSY-III,10,0,10,0,0,0,64.54,37.19961,64.54,36.9375,0
Assam,Cachar,PMGSY-II,13,5,13,5,0,0,127.789,96.8147,127.789,96.8282,0
Assam,Darrang,PMGSY-II,9,3,9,3,0,0,47.702,40.5783,47.702,42.76,0
Assam,Darrang,PMGSY-III,18,4,14,2,4,2,127.182,103.81488,105.45,80.2647,19.387
Assam,Dhemaji,PMGSY-II,5,6,5,6,0,0,41.775,38.6316,41.775,36.6596,0
Assam,Dhubri,PMGSY-I,378,57,378,57,0,0,912.026,657.86704,896.157,696.3563,0
Assam,Dibrugarh,PMGSY-I,333,11,333,11,0,0,1015.233,514.56494,1009.482,566.4235,0
Assam,Goalpara,PMGSY-III,20,0,19,0,1,0,143.229,112.62448,142.249,106.8463,0.56
Assam,Golaghat,PMGSY-III,26,0,22,0,4,0,205.458,136.3507,169.01,114.1115,36.118
Assam,Hailakandi,PMGSY-II,2,0,2,0,0,0,17.3,14.218,17.3,14.1288,0
Assam,"Kamrup Rural",PMGSY-II,35,10,35,10,0,0,183.965,172.4734,183.865,185.0536,0
Assam,"Kamrup Rural",PMGSY-III,52,4,46,1,6,3,287.544,270.68111,263.013,246.3582,24.444
Assam,Kokrajhar,PMGSY-II,7,1,7,1,0,0,31.725,18.8913,31.725,17.6913,0
Assam,Lakhimpur,PMGSY-I,295,112,295,112,0,0,1122.903,1000.43112,1116.529,1038.759,0
Assam,Lakhimpur,PMGSY-III,26,3,15,1,11,2,154.389,95.26334,121.08,63.4392,33.249
Assam,N.C.Hills,PMGSY-I,80,7,79,7,1,0,494.63,287.1118,490.488,300.2716,0.321
Assam,N.C.Hills,PMGSY-III,21,10,13,1,8,9,207.566,169.82966,106.36,89.7762,101.206
Assam,Sonitpur,PMGSY-III,44,4,39,4,5,0,280.333,172.96644,246.043,148.3549,33.575
Bihar,Araria,PMGSY-III,35,84,25,9,10,75,349.644,462.13798,259.169,259.6865,81.145
Bihar,Arwal,PMGSY-II,1,0,1,0,0,0,4.05,1.21388,3.95,3.1424,0
Bihar,Aurangabad,PMGSY-I,880,18,875,18,5,0,2540.884,1313.73406,2504.428,1197.4296,9.619
Bihar,Aurangabad,PMGSY-II,4,0,4,0,0,0,24.73,15.9788,24.73,14.5227,0
Bihar,Aurangabad,RCPLWEA,29,12,25,9,4,3,410.667,434.77915,387.147,429.6884,18.35
Bihar,Banka,PMGSY-III,31,8,28,0,3,8,294.545,226.71837,269.215,145.5945,20.97
Bihar,Bhagalpur,PMGSY-I,393,39,385,38,8,1,1375.376,711.298,1304.182,612.4002,29.889
Bihar,Bhojpur,PMGSY-III,20,2,16,0,4,2,162.227,129.8005,121.407,79.4399,40.705
Bihar,"East Champaran",PMGSY-I,792,61,790,61,2,0,2623.997,1557.40758,2486.37,1421.1449,4.306
Bihar,"East Champaran",PMGSY-III,35,21,33,10,2,11,264.603,270.12361,234.95,229.7592,18.144
Bihar,"Kaimur (Bhabhua)",PMGSY-I,523,3,521,3,2,0,2076.822,946.41747,2023.529,823.2445,0.3
Bihar,Katihar,PMGSY-III,41,110,29,56,12,54,403.087,798.52004,344.26,602.9329,51.146
Bihar,Khagaria,PMGSY-III,5,4,3,0,2,4,38.755,41.33534,26.09,20.9661,12.665
Bihar,Madhubani,PMGSY-I,724,33,719,32,5,1,2100.652,1425.08428,1862.887,1059.4955,5.901
Bihar,Muzaffarpur,PMGSY-I,761,12,759,12,2,0,2398.417,1350.30879,2324.26,1211.7839,6.824
Bihar,Nalanda,PMGSY-III,17,8,17,6,0,2,116.3,61.91288,114.463,57.4108,0
Bihar,Nawada,PMGSY-II,15,0,15,0,0,0,77.242,48.98508,77.203,52.1168,0
Bihar,Nawada,RCPLWEA,17,10,16,10,1,0,217.44,278.48476,203.584,213.1815,0.795
Bihar,Purnia,PMGSY-III,32,68,27,56,5,12,318.905,464.67789,295.846,465.7417,14.278
Bihar,Rohtas,PMGSY-II,4,0,4,0,0,0,46.08,26.1661,46.08,24.2488,0
Bihar,Saharsa,PMGSY-III,8,12,5,8,3,4,77.25,94.53203,47.08,79.9366,29.24
Bihar,Sitamarhi,PMGSY-I,649,111,643,110,6,1,1753.831,1382.8775,1696.858,1210.2332,8.705
Bihar,Sitamarhi,PMGSY-III,19,24,18,11,1,13,137.915,174.19232,130.554,126.2021,0.4
Bihar,Supaul,PMGSY-II,4,0,4,0,0,0,26.255,12.94036,26.255,13.0723,0
Bihar,Supaul,PMGSY-III,20,13,20,11,0,2,151.835,156.20206,147.645,163.4952,0
Bihar,"West Champaran",PMGSY-I,733,26,733,26,0,0,2477.529,1478.70356,2407.95,1382.3337,0
Bihar,"West Champaran",PMGSY-II,8,0,8,0,0,0,32.895,14.98459,31.893,15.0084,0
Chhattisgarh,Balod,PMGSY-III,28,11,28,10,0,1,271.635,187.875,266.902,167.2458,0
Chhattisgarh,Bijapur,PMGSY-III,5,0,5,0,0,0,28.8,14.4354,28.8,13.7932,0
Chhattisgarh,Dantewada,PMGSY-II,1,0,1,0,0,0,21.2,14.4226,21.2,15.3682,0
Chhattisgarh,Dhamtari,PMGSY-I,229,33,229,33,0,0,835.261,263.73067,789.978,255.5168,0
Chhattisgarh,"Gaurella Pendra Marwahi",PMGSY-I,150,2,150,2,0,0,627.45,158.5502,599.16,159.7764,0
Chhattisgarh,Jangir-Champa,PMGSY-III,21,1,21,0,0,1,213.05,147.44477,214.07,124.7749,0
Chhattisgarh,Jashpur,PMGSY-III,27,10,27,6,0,4,317.848,247.41536,315.033,201.5504,0
Chhattisgarh,Jashpur,PM-JANMAN,80,10,21,0,59,10,281.25,250.65102,125.185,0,153.42
Chhattisgarh,Kanker,RCPLWEA,124,36,110,22,14,14,690.725,512.91634,601.119,355.9885,83.115
Chhattisgarh,Kanker,PMGSY-III,28,3,28,1,0,2,292.79,184.60504,294.04,171.5195,0
Chhattisgarh,Kanker,PM-JANMAN,4,0,0,0,4,0,4.83,2.91891,0,0,4.83
Chhattisgarh,Kawardha,PMGSY-I,349,11,349,11,0,0,1506.47,470.3142,1453.718,475.8791,0
Chhattisgarh,Korba,PMGSY-II,9,0,9,0,0,0,113.93,79.16499,113.43,68.9137,0
Chhattisgarh,Koria,PMGSY-II,9,0,9,0,0,0,94.626,61.5114,94.626,55.8818,0
Chhattisgarh,Koria,PMGSY-III,21,14,21,10,0,4,303.27,237.54106,295.15,210.8661,0
Chhattisgarh,Koria,PM-JANMAN,106,15,0,0,106,15,436.238,320.68307,6.87,0,429.368
Chhattisgarh,Mahasamund,PMGSY-I,292,16,292,16,0,0,1151.28,348.5009,1102.227,324.2986,0
Chhattisgarh,Mahasamund,PM-JANMAN,26,0,9,0,17,0,37.3,22.24591,12.05,0,25.1
Chhattisgarh,Mungeli,PMGSY-I,165,0,165,0,0,0,724.402,222.918,698.381,233.7562,0
Chhattisgarh,Mungeli,PMGSY-III,13,1,13,0,0,1,133.81,101.17747,135.001,92.8284,0
Chhattisgarh,Raipur,PMGSY-II,2,0,2,0,0,0,25.9,19.9851,22.867,14.426,0
Chhattisgarh,Raipur,PMGSY-III,11,0,11,0,0,0,85.601,55.325,85.367,43.667,0
Chhattisgarh,Rajnandgaon,PM-JANMAN,13,2,0,0,13,2,33.425,29.63175,1.5,0,31.925
Chhattisgarh,Sukma,PMGSY-II,1,0,1,0,0,0,40.4,22.0983,40.4,20.47,0
Chhattisgarh,Surajpur,PMGSY-II,4,0,4,0,0,0,64.15,40.1638,63.862,27.7811,0
Chhattisgarh,Surajpur,PMGSY-III,21,11,21,10,0,1,293.33,207.60849,293.12,186.3812,0
Chhattisgarh,Surguja,PMGSY-I,327,28,327,27,0,1,1531.09,458.0023,1483.911,485.4634,0
Goa,"South Goa",PMGSY-I,31,0,31,0,0,0,85.98,6.8733,85.98,0,0
Gujarat,Amreli,PMGSY-II,4,0,4,0,0,0,32.24,8.7458,32.24,9.065,0
Gujarat,Arvalli,PMGSY-III,9,15,9,8,0,7,105.14,127.47171,105.14,87.7342,0
Gujarat,Bhavnagar,PMGSY-III,11,6,9,2,2,4,99.063,77.9801,81.756,47.0736,17.8
Gujarat,Chhotaudepur,PMGSY-II,4,0,4,0,0,0,41.27,26.5907,41.27,25.5476,0
Gujarat,Chhotaudepur,PMGSY-III,7,5,7,2,0,3,74.244,62.5979,73.63,55.723,0
Gujarat,Dahod,PMGSY-II,6,9,6,9,0,0,58.61,58.569,58.55,44.6707,0
Gujarat,Dangs,PMGSY-I,20,0,20,0,0,0,150.72,43.6524,150.014,46.8724,0
Gujarat,Gandhinagar,PMGSY-I,28,0,28,0,0,0,54.19,7.6,53.71,8.3398,0
Gujarat,Kutch,PMGSY-I,129,0,129,0,0,0,757.26,213.4558,755.43,222.4805,0
Gujarat,Navsari,PMGSY-III,8,6,8,0,0,6,61.59,86.0764,62.59,74.2059,0
Gujarat,Panchmahals,PMGSY-I,392,1,392,1,0,0,809.77,221.7344,795.94,233.123,0
Gujarat,Patan,PMGSY-III,9,0,5,0,4,0,93.808,55.85623,72.401,29.956,21.407
Gujarat,Porbandar,PMGSY-III,2,0,2,0,0,0,23.15,10.6139,23.15,10.9132,0
Gujarat,Rajkot,PMGSY-II,3,0,3,0,0,0,44.2,18.448,40.85,14.2535,0
Gujarat,Sabarkantha,PMGSY-II,5,9,5,9,0,0,56.43,49.6961,56.43,33.5175,0
Gujarat,Sabarkantha,PM-JANMAN,2,0,2,0,0,0,1.55,1.2429,1.55,0,0
Gujarat,Tapi,PMGSY-II,2,4,2,4,0,0,33.4,36.3583,33.7,33.3447,0
Gujarat,Vadodara,PMGSY-II,3,0,3,0,0,0,33.02,18.4555,33.02,15.1429,0
Gujarat,Valsad,PMGSY-I,271,29,271,29,0,0,784.585,245.0476,752.133,254.6429,0
Haryana,Bhiwani,PMGSY-II,3,0,3,0,0,0,32.34,23.4998,32.34,18.6206,0
Haryana,Faridabad,PMGSY-II,0,2,0,2,0,0,0,3.8065,0,3.1549,0
Haryana,Hisar,PMGSY-II,3,0,3,0,0,0,28.45,24.1865,28.45,18.711,0
Haryana,Jhajjar,PMGSY-III,16,0,14,0,2,0,97.235,57.8236,92.702,39.7759,1.73
Haryana,Jind,PMGSY-II,9,3,9,3,0,0,122.325,120.5317,121.945,104.5743,0
Haryana,Mohindergarh,PMGSY-I,20,0,20,0,0,0,199.27,79.4164,197.02,64.3346,0
Haryana,Palwal,PMGSY-II,5,0,5,0,0,0,51.47,57.6741,51.03,41.7525,0
Haryana,Sonepat,PMGSY-III,14,0,14,0,0,0,130.849,61.02902,128.771,56.3865,0
"Himachal Pradesh",Chamba,PMGSY-I,340,14,339,14,1,0,2036.96,886.62753,1988.918,837.5594,4.8
"Himachal Pradesh",Hamirpur,PMGSY-II,9,0,9,0,0,0,80.406,64.7617,80.406,62.1372,0
"Himachal Pradesh",Hamirpur,PMGSY-III,21,6,0,0,21,6,177.91,210.67995,97.355,81.5345,80.555
"Himachal Pradesh",Kinnaur,PMGSY-II,3,0,3,0,0,0,33.625,23.9029,33.625,22.5199,0
"Himachal Pradesh",Kullu,PMGSY-II,6,0,6,0,0,0,101.84,82.8783,101.24,80.2856,0
"Himachal Pradesh","Lahul And Spiti",PMGSY-III,10,5,0,0,10,5,114.063,156.24725,3,29.2867,111.063
"Himachal Pradesh",Mandi,PMGSY-III,29,1,4,0,25,1,362.1,383.21903,103.91,115.0906,257.69
"Himachal Pradesh",Shimla,PMGSY-II,11,0,11,0,0,0,129.86,92.0974,129.76,95.8937,0
"Himachal Pradesh",Solan,PMGSY-III,25,4,0,0,25,4,291.26,306.40434,60,93.7039,231.26
"Himachal Pradesh",Una,PMGSY-III,19,11,0,1,19,10,159.19,243.631,66.98,76.0967,92.21
"Jammu And Kashmir",Anantnag,PMGSY-III,8,0,7,0,1,0,34.346,31.00592,34.23,24.7542,0
"Jammu And Kashmir",Bandipora,PMGSY-I,64,1,63,1,1,0,321.45,218.7124,315.314,200.1275,1.2
"Jammu And Kashmir",Baramula,PMGSY-I,198,0,192,0,6,0,863.915,550.2794,796.997,468.495,6.5
"Jammu And Kashmir",Baramula,NA,13,0,0,0,13,0,41.94,NA,0,0,41.94
"Jammu And Kashmir",Budgam,NA,14,0,0,0,14,0,47.897,NA,0,0,47.897
"Jammu And Kashmir",Doda,NA,31,0,0,0,31,0,239.105,NA,0,0,239.105
"Jammu And Kashmir",Ganderbal,NA,8,0,0,0,8,0,22.55,NA,0,0,22.55
"Jammu And Kashmir",Kathua,PMGSY-I,209,32,199,32,10,0,1475.163,961.20406,1427.501,866.7588,31.617
"Jammu And Kashmir",Kathua,NA,15,0,0,0,15,0,129.569,NA,0,0,129.569
"Jammu And Kashmir",Kishtwar,PMGSY-I,127,25,99,17,28,8,1281.54,893.67974,1113.655,756.8588,147.41
"Jammu And Kashmir",Kulgam,NA,13,0,0,0,13,0,30.9,NA,0,0,30.9
"Jammu And Kashmir",Kupwara,PMGSY-I,162,9,162,9,0,0,765.43,561.5127,744.819,522.9285,0
"Jammu And Kashmir",Kupwara,NA,14,0,0,0,14,0,46.81,NA,0,0,46.81
"Jammu And Kashmir",Rajouri,PMGSY-II,9,0,8,0,1,0,49.95,50.3674,49.95,44.5384,0
"Jammu And Kashmir",Ramban,PMGSY-I,88,18,84,17,4,1,787.775,488.2015,773.01,533.993,8.895
"Jammu And Kashmir",Reasi,NA,21,0,0,0,21,0,181.881,NA,0,0,181.881
"Jammu And Kashmir",Samba,PMGSY-I,65,4,65,4,0,0,256.779,143.4863,250.064,124.9695,0
"Jammu And Kashmir",Samba,PMGSY-III,6,3,5,0,1,3,22.305,75.529,19.12,56.7311,3.175
"Jammu And Kashmir",Srinagar,PMGSY-I,21,0,21,0,0,0,69.23,32.3496,61.2,26.7812,0
Jharkhand,Bokaro,PMGSY-I,366,11,366,11,0,0,1218.381,423.87659,1159.405,353.3851,0
Jharkhand,Chatra,RCPLWEA,17,8,13,6,4,2,179.71,152.96067,142.294,111.0371,37.55
Jharkhand,Deoghar,PMGSY-II,8,0,8,0,0,0,78.895,41.2617,78.178,34.1931,0
Jharkhand,Dhanbad,PMGSY-I,101,0,101,0,0,0,289.445,80.8792,285.709,76.2936,0
Jharkhand,Dhanbad,PMGSY-II,5,0,5,0,0,0,39.541,18.0058,39.535,15.3543,0
Jharkhand,Dhanbad,PMGSY-III,15,3,14,3,1,0,142.153,97.3264,141.25,89.6288,0
Jharkhand,Dumka,PMGSY-III,23,3,15,0,8,3,224.1,166.3037,156.93,121.0243,67.08
Jharkhand,Dumka,PM-JANMAN,23,0,0,0,23,0,40.653,36.84515,1.61,0,39.043
Jharkhand,Garhwa,PMGSY-II,7,1,7,1,0,0,74.93,48.9372,74.684,42.5739,0
Jharkhand,Garhwa,PMGSY-III,35,25,5,9,30,16,278.995,260.79578,88.647,162.2901,190.185
Jharkhand,Gumla,PMGSY-I,546,36,544,36,2,0,1865.532,627.57925,1834.769,597.0424,0.1
Jharkhand,Gumla,RCPLWEA,17,30,14,27,3,3,264.96,296.89745,245.145,273.8279,17.85
Jharkhand,Khunti,RCPLWEA,53,13,50,13,3,0,333.312,316.83841,330.99,300.6139,1
Jharkhand,Khunti,PMGSY-III,25,10,18,1,7,9,219.64,185.54227,198.945,140.9967,20.605
Jharkhand,Koderma,RCPLWEA,1,0,1,0,0,0,23.66,17.6847,23.66,21.5079,0
Jharkhand,Latehar,PMGSY-I,215,22,210,21,5,1,979.791,379.03615,950.07,356.2101,14.4
Jharkhand,Latehar,PM-JANMAN,17,0,0,0,17,0,39.18,30.93528,0,0,39.18
Jharkhand,Lohardaga,PM-JANMAN,6,0,0,0,6,0,12.58,12.35974,0,0,12.58
Jharkhand,Pakur,PMGSY-I,164,10,162,10,2,0,699.33,257.0937,680.765,231.8872,0
Jharkhand,Palamu,PMGSY-I,441,92,434,91,7,1,1579.692,661.90943,1521.767,610.0427,25.06
Jharkhand,"Pashchimi Singhbhum",PMGSY-II,10,0,10,0,0,0,106.875,69.8047,104.115,56.704,0
Jharkhand,"Purbi Singhbhum",PMGSY-II,9,0,9,0,0,0,86.175,55.34982,85.446,43.243,0
Jharkhand,"Purbi Singhbhum",PM-JANMAN,8,0,0,0,8,0,31.95,29.51798,0,0,31.95
Jharkhand,Ramgarh,PMGSY-I,112,9,112,9,0,0,398.595,142.54375,383.529,109.2116,0
Jharkhand,Ramgarh,RCPLWEA,6,4,6,3,0,1,18.83,33.04645,18.417,31.2974,0
Jharkhand,Ramgarh,PMGSY-III,9,3,9,3,0,0,66.747,47.60234,66.74,44.6345,0
Jharkhand,Sahibganj,PMGSY-I,119,1,119,1,0,0,449.62,177.78706,428.877,155.8556,0
Jharkhand,Simdega,RCPLWEA,5,5,4,3,1,2,34.7,49.0022,18.2,34.1102,16.5
Jharkhand,Simdega,PM-JANMAN,2,0,0,0,2,0,5.59,5.52854,0,0,5.59
Karnataka,Bagalkot,PMGSY-I,99,1,99,1,0,0,456.97,83.132,456.82,85.3671,0
Karnataka,"Bangalore R",PMGSY-I,114,0,114,0,0,0,591.9,106.2548,591.9,109.9389,0
Karnataka,"Bangalore R",PMGSY-III,16,0,16,0,0,0,105.25,63.27428,101.89,58.5535,0
Karnataka,"Bangalore U",PMGSY-I,62,0,62,0,0,0,330.9,73.1629,330.9,81.0467,0
Karnataka,Bellary,PMGSY-III,29,1,26,1,3,0,214.017,132.70317,196.895,124.1622,12.4
Karnataka,Bijapur,PMGSY-I,98,0,98,0,0,0,575.32,120.587,575.32,127.2759,0
Karnataka,Gadag,PMGSY-II,12,0,12,0,0,0,89.75,41.844,76.655,39.6803,0
Karnataka,Hassan,PMGSY-I,199,0,199,0,0,0,628.11,129.815,628.46,145.1988,0
Karnataka,Hassan,PMGSY-II,14,0,14,0,0,0,75.33,33.5213,74.676,35.6829,0
Karnataka,Hassan,PMGSY-III,43,2,42,2,1,0,222.345,160.76095,218.376,156.0841,2.17
Karnataka,Kodagu,PM-JANMAN,12,0,0,0,12,0,13.19,11.83807,0,0,13.19
Karnataka,Kolar,PMGSY-I,103,0,103,0,0,0,614.29,117.9051,614.53,125.7489,0
Karnataka,Kolar,PMGSY-II,10,0,10,0,0,0,64.99,24.0913,64.95,24.9098,0
Karnataka,Kolar,PMGSY-III,20,0,20,0,0,0,159.655,95.16425,159.647,92.9519,0
Karnataka,Koppal,PMGSY-I,103,2,103,2,0,0,535.45,115.1323,535.45,115.97,0
Karnataka,Tumkur,PMGSY-I,178,0,178,0,0,0,964.53,179.6927,964.68,205.5554,0
Karnataka,Tumkur,PMGSY-II,16,0,16,0,0,0,128.77,59.5497,128.24,51.2594,0
Karnataka,"Uttara Kannada",PMGSY-III,47,13,44,12,3,1,300.7,217.79293,286.738,232.3092,7.5
Karnataka,Yadgir,PMGSY-III,18,0,17,0,1,0,130.975,84.04193,129.308,84.0968,1.39
Kerala,Alappuzha,PMGSY-III,14,0,4,0,10,0,59.983,36.82623,26.903,22.8207,32.747
Kerala,Ernakulam,PMGSY-I,65,1,65,1,0,0,130.695,53.7921,130.318,58.5513,0
Kerala,Idukki,PMGSY-III,24,3,7,0,17,3,138.162,122.42605,64.156,52.05,73.857
Kerala,Kasaragod,PMGSY-I,96,0,96,0,0,0,247.091,110.9047,246.73,124.4521,0
Kerala,Kollam,PMGSY-III,22,0,3,0,19,0,96.437,62.64305,27.505,20.4598,67.358
Kerala,Kozhikode,PMGSY-III,14,0,2,0,12,0,74.389,82.65528,25.178,27.0535,49.009
Kerala,Wayanad,PMGSY-II,7,0,7,0,0,0,36.5,34.0362,36.37,26.6839,0
Ladakh,Leh,PMGSY-III,28,0,0,0,28,0,246.195,244.06395,18.57,55.9249,227.625
"Madhya Pradesh",Agar,PMGSY-I,211,9,211,9,0,0,783.07,288.8866,772.568,255.4793,0
"Madhya Pradesh",Alirajpur,PMGSY-I,304,24,304,24,0,0,1286.98,448.0477,1235.33,504.9899,0
"Madhya Pradesh",Anuppur,PMGSY-III,15,1,14,1,1,0,156.181,99.98494,155.106,75.9096,0
"Madhya Pradesh","Ashok Nagar",PMGSY-II,7,2,7,2,0,0,57.235,38.9466,56.171,35.6292,0
"Madhya Pradesh","Ashok Nagar",PMGSY-III,12,9,12,8,0,1,170.99,152.35591,170.034,122.3441,0
"Madhya Pradesh","Ashok Nagar",PM-JANMAN,41,0,2,0,39,0,77.855,61.17195,2.433,0,75.295
"Madhya Pradesh",Betul,PMGSY-I,660,38,660,38,0,0,2682.815,922.72559,2551.232,944.487,0
"Madhya Pradesh",Betul,PMGSY-II,16,7,16,7,0,0,193.142,143.43732,188.772,131.6025,0
"Madhya Pradesh",Betul,PMGSY-III,35,26,26,10,9,16,378.413,351.13862,361.647,239.281,8.678
"Madhya Pradesh",Bhind,PMGSY-I,425,1,425,1,0,0,1392.868,399.4797,1364.16,354.1227,0
"Madhya Pradesh",Bhopal,PMGSY-II,2,1,2,1,0,0,51.23,42.4647,50.202,36.7711,0
"Madhya Pradesh",Burhanpur,PMGSY-I,117,26,117,26,0,0,530.611,212.94647,467.807,202.8605,0
"Madhya Pradesh",Chhatarpur,PMGSY-II,17,5,17,5,0,0,121.83,74.59624,121.967,67.8781,0
"Madhya Pradesh",Datia,PMGSY-III,12,2,12,1,0,1,110.343,98.05289,108.806,76.0237,0
"Madhya Pradesh",Dewas,PMGSY-I,374,22,374,22,0,0,1422.735,539.7617,1362.9,514.5918,0
"Madhya Pradesh",Dhar,PMGSY-III,46,75,46,59,0,16,540.855,569.03278,534.237,408.852,0
"Madhya Pradesh",Dindori,PMGSY-I,444,4,444,4,0,0,1694.995,458.4714,1662.499,450.2527,0
"Madhya Pradesh",Dindori,PMGSY-II,7,4,7,4,0,0,83.21,53.39352,79.117,57.7301,0
"Madhya Pradesh",Guna,PMGSY-II,6,3,6,3,0,0,82.38,64.37521,80.09,57.459,0
"Madhya Pradesh",Khandwa,PMGSY-II,7,4,7,4,0,0,93.43,57.5434,93.025,46.0649,0
"Madhya Pradesh",Maihar,PMGSY-II,3,0,3,0,0,0,27.725,18.1241,26.529,17.6462,0
"Madhya Pradesh",Mandsour,PMGSY-I,355,4,355,4,0,0,1675.945,527.265,1635.379,443.3134,0
"Madhya Pradesh",Mandsour,PMGSY-III,7,13,7,11,0,2,192.736,169.80764,189.417,126.9543,0
"Madhya Pradesh",Morena,PMGSY-I,480,0,480,0,0,0,1710.924,422.0238,1531.952,346.5039,0
"Madhya Pradesh",Narsinghpur,PMGSY-II,5,1,5,1,0,0,74.675,42.6407,69.356,38.9112,0
"Madhya Pradesh",Narsinghpur,PMGSY-III,26,12,22,3,4,9,231.108,161.65126,228.056,117.2493,1.85
"Madhya Pradesh",Pandhurna,PMGSY-I,62,0,62,0,0,0,241.491,66.1413,237.146,62.0655,0
"Madhya Pradesh",Raisen,PMGSY-I,334,6,334,5,0,1,1377.255,454.32818,1305.349,481.7185,0
"Madhya Pradesh",Raisen,PMGSY-II,11,9,11,9,0,0,104.255,87.05899,101.989,77.3582,0
"Madhya Pradesh",Rajgarh,PMGSY-III,14,12,13,10,1,2,232.3,201.83261,224.917,140.6703,1.35
"Madhya Pradesh",Seoni,PMGSY-I,803,13,803,13,0,0,2999.1,866.4368,2891.903,836.075,0
"Madhya Pradesh",Seoni,PMGSY-III,19,25,19,22,0,3,312.185,260.39721,307.122,196.4718,0
"Madhya Pradesh",Shajapur,PMGSY-I,283,15,283,15,0,0,945.866,365.53485,955.436,361.6227,0
"Madhya Pradesh",Sheopur,PMGSY-I,182,16,182,16,0,0,879.03,287.03007,845.528,254.7874,0
"Madhya Pradesh",Sheopur,PM-JANMAN,30,0,0,0,30,0,60.83,42.97811,2.85,0,57.98
"Madhya Pradesh",Sidhi,PMGSY-I,294,4,294,3,0,1,1925.683,526.0168,1751.733,470.2664,0
"Madhya Pradesh",Sidhi,PMGSY-III,18,2,16,1,2,1,192.8,119.032,175.583,76.0599,16.1
"Madhya Pradesh",Singrauli,PM-JANMAN,40,0,0,0,40,0,96.11,68.61853,5.6,0,90.51
"Madhya Pradesh",Tikamgarh,PMGSY-I,268,3,268,3,0,0,927,261.6702,926.406,219.8498,0
"Madhya Pradesh",Ujjain,PMGSY-II,11,4,11,4,0,0,123.983,85.20652,118.528,72.5698,0
"Madhya Pradesh",Ujjain,PMGSY-III,18,29,17,15,1,14,264.332,263.47195,259.313,196.5092,0.51
"Madhya Pradesh",Umaria,PMGSY-II,4,1,4,1,0,0,49.38,26.49041,49.375,26.0982,0
"Madhya Pradesh",Vidisha,PM-JANMAN,57,0,0,0,57,0,105.58,76.98807,4.26,0,101.32
Maharashtra,Aurangabad,PMGSY-II,19,4,19,4,0,0,96.55,57.384,94.983,50.3306,0
Maharashtra,Aurangabad,PMGSY-III,27,15,17,0,10,15,192.031,187.14919,154.252,131.9805,35.826
Maharashtra,Bhandara,PMGSY-I,137,8,137,8,0,0,502.25,98.1209,499.299,95.0626,0
Maharashtra,Buldhana,PMGSY-III,19,9,13,0,6,9,100.34,94.41716,86.31,79.9625,12.672
Maharashtra,Gadchiroli,PMGSY-III,23,2,10,0,13,2,152.76,131.61999,91.515,46.7793,59.42
Maharashtra,Gondia,PMGSY-I,241,13,240,13,1,0,853.052,183.9845,819.547,172.6935,0.8
Maharashtra,Kolhapur,PMGSY-III,39,0,28,0,11,0,196.845,144.25181,166.97,123.4313,29.08
Maharashtra,Latur,PMGSY-III,24,9,14,0,10,9,169.973,171.9307,147.191,136.2318,22.882
Maharashtra,Nagpur,PMGSY-I,150,11,150,11,0,0,642.52,143.4769,621.51,143.1658,0
Maharashtra,Nagpur,PMGSY-II,14,4,14,4,0,0,102.03,67.7418,99.349,51.8516,0
Maharashtra,Nashik,PMGSY-II,20,4,20,4,0,0,138.255,79.8756,137.725,84.012,0
Maharashtra,Osmanabad,PMGSY-I,135,44,135,44,0,0,461.4,125.198,461.4,120.056,0
Maharashtra,Raigad,PM-JANMAN,13,0,0,0,13,0,14.035,15.4717,0,0,14.035
Maharashtra,Satara,PMGSY-I,137,2,137,2,0,0,823.735,193.4119,801.885,180.4212,0
Maharashtra,Solapur,PMGSY-II,14,3,14,3,0,0,125.65,77.4558,122.478,73.077,0
Maharashtra,Thane,PMGSY-II,4,0,4,0,0,0,31.307,14.1871,31.107,12.2026,0
Manipur,Chandel,PMGSY-III,5,0,0,0,5,0,52.4,41.5295,0,0.3786,52.4
Manipur,Churachandpur,PMGSY-II,3,0,3,0,0,0,10,8.0534,10,6.7823,0
Manipur,"Imphal East",PMGSY-III,25,0,0,0,25,0,170.11,143.55361,0,0.5644,170.11
Manipur,"Imphal West",PMGSY-II,8,0,8,0,0,0,38.9,29.539,39.92,24.7022,0
Manipur,Thoubal,PMGSY-II,10,0,10,0,0,0,59.35,51.038,59.35,42.6755,0
Manipur,Thoubal,PMGSY-III,13,0,0,0,13,0,117.895,88.57708,0,0.6442,117.895
Manipur,Ukhrul,PMGSY-I,190,28,168,26,22,2,1866.304,817.54852,1671.593,751.2423,194.23
Meghalaya,Jaintia,PMGSY-III,20,14,3,0,17,14,196.194,276.73053,58.41,59.4653,137.784
Meghalaya,"South Garo Hills",PMGSY-II,10,6,7,6,3,0,57.631,60.78697,55.181,70.7654,2.45
Meghalaya,"West Garo Hills",PMGSY-III,35,16,6,0,29,16,283.649,347.31267,68.25,47.4046,215.404
Mizoram,Lunglei,PMGSY-III,3,5,0,0,3,5,131.5,220.3596,65,11.3696,66.5
Mizoram,Mamit,PMGSY-I,28,0,28,0,0,0,294.303,158.7221,291.238,154.0991,0
Mizoram,Mamit,PMGSY-III,3,0,0,0,3,0,111.31,115.49372,34.04,1.3101,77.27
Mizoram,Serchhip,PMGSY-I,31,0,31,0,0,0,459.09,232.1615,457.55,223.6491,0
Mizoram,Serchhip,PMGSY-III,2,1,0,0,2,1,50.88,74.63782,0,1.0376,50.88
Nagaland,Dimapur,PMGSY-III,3,0,0,0,3,0,23.18,18.2512,0,0,23.18
Nagaland,Kohima,PMGSY-II,1,0,1,0,0,0,19.5,16.3006,19.5,16.3005,0
Nagaland,Longleng,PMGSY-III,1,0,0,0,1,0,13.7,10.9094,0,2.1461,13.7
Nagaland,Peren,PMGSY-I,29,5,25,5,4,0,375.64,120.3107,362.14,111.6044,13.5
Nagaland,Peren,PMGSY-II,1,1,1,1,0,0,17,19.1551,17,18.5634,0
Nagaland,Phek,PMGSY-II,1,1,0,1,1,0,17,19.0824,6,15.734,11
Nagaland,Phek,PMGSY-III,5,0,0,0,5,0,50.711,51.27989,0,0,50.711
Nagaland,Tuensang,PMGSY-II,2,1,2,1,0,0,42,43.1822,42,43.1794,0
Nagaland,Wokha,PMGSY-I,31,8,29,8,2,0,340.96,126.839,333.96,123.2779,7
Nagaland,Wokha,PMGSY-III,4,0,0,0,4,0,63.85,69.5409,0,0,63.85
Odisha,Angul,PMGSY-II,13,0,13,0,0,0,92.675,41.2075,91.715,36.8161,0
Odisha,Balangir,PMGSY-III,56,22,45,14,11,8,391.311,267.13396,355.575,240.8687,23.862
Odisha,Bargarh,PMGSY-III,49,10,45,8,4,2,366.35,246.97481,333.871,223.385,23.089
Odisha,Bhadrak,PMGSY-II,15,0,15,0,0,0,83.97,38.5552,83.154,36.2075,0
Odisha,Deogarh,PMGSY-I,151,6,151,6,0,0,727.214,307.7535,714.068,279.3592,0
Odisha,Dhenkanal,PMGSY-II,15,1,15,1,0,0,93.4,41.04391,91.985,38.4755,0
Odisha,Gajapati,PMGSY-I,397,4,396,4,1,0,1718.05,755.39607,1663.909,877.6709,2.5
Odisha,Gajapati,PM-JANMAN,9,1,0,0,9,1,38.05,39.4394,0.19,0,37.86
Odisha,Jajpur,PMGSY-III,45,0,28,0,17,0,295.967,197.96155,266.32,172.9248,24.411
Odisha,Kandhamal,RCPLWEA,2,0,0,0,2,0,26.47,21.5269,0,5.8652,26.47
Odisha,Kendrapara,PMGSY-I,397,5,397,5,0,0,1550.057,762.6803,1514.899,789.2279,0
Odisha,Keonjhar,PMGSY-II,27,2,27,2,0,0,152.16,66.5337,153.395,64.2132,0
Odisha,Khurda,PMGSY-III,48,2,47,1,1,1,272.285,174.18535,264.087,162.5379,2.397
Odisha,Koraput,PMGSY-II,25,0,25,0,0,0,150.14,58.85111,149.548,52.7984,0
Odisha,Nawarangpur,PMGSY-I,600,8,600,8,0,0,2492.194,866.7966,2429.296,852.3055,0
Odisha,Nuapara,PMGSY-III,21,1,20,0,1,1,168.43,100.93398,162.758,94.1812,3.835
Odisha,Sambalpur,PMGSY-I,544,23,544,23,0,0,1940.8,781.03568,1878.653,737.9143,0
Odisha,Sambalpur,PMGSY-II,9,1,9,1,0,0,85.98,41.51148,85.892,41.1928,0
Odisha,Sonepur,PMGSY-I,335,9,335,9,0,0,1270.425,444.0708,1189.798,406.4351,0
Odisha,Sundargarh,PMGSY-II,22,4,22,4,0,0,173.05,90.8182,172.623,79.3507,0
Puducherry,Karaikal,PMGSY-III,8,0,0,0,8,0,17.025,9.93598,0,0,17.025
Punjab,Bathinda,PMGSY-II,6,2,6,2,0,0,78.7,49.7356,77.75,37.1869,0
Punjab,Bathinda,PMGSY-III,17,6,7,1,10,5,155.735,135.95946,98.28,71.4994,57.455
Punjab,Firozpur,PMGSY-I,45,0,45,0,0,0,372.25,150.1196,372.25,141.0121,0
Punjab,Gurdaspur,PMGSY-III,31,8,11,2,20,6,260.325,241.0388,85.82,67.7104,171.76
Punjab,Jalandhar,PMGSY-I,56,0,56,0,0,0,340.12,121.8067,340.12,105.1702,0
Punjab,Mansa,PMGSY-I,49,0,49,0,0,0,351.07,149.1889,349.727,148.1373,0
Punjab,Nawashahar,PMGSY-III,6,1,2,0,4,1,40.495,39.94263,9.69,7.8638,30.805
Punjab,Patiala,PMGSY-II,3,0,3,0,0,0,27.1,20.2699,27.1,19.7549,0
Rajasthan,Ajmer,PMGSY-I,219,0,219,0,0,0,846.855,136.9286,803.86,117.0762,0
Rajasthan,Balotra,PMGSY-III,13,0,13,0,0,0,152.55,59.1128,148.05,41.6567,0
Rajasthan,Banswara,PMGSY-I,1013,0,1013,0,0,0,2676.71,657.9331,2650.945,560.3327,0
Rajasthan,Baran,PM-JANMAN,38,0,3,0,35,0,98.687,68.8659,9.02,0,89.667
Rajasthan,Beawar,PMGSY-II,5,0,5,0,0,0,55.1,20.3931,55.1,17.627,0
Rajasthan,Chittaurgarh,PMGSY-II,26,0,26,0,0,0,153.08,60.8213,153.08,39.8578,0
Rajasthan,Dungarpur,PMGSY-II,9,0,9,0,0,0,73,47.6744,73,29.4152,0
Rajasthan,Hanumangarh,PMGSY-I,134,0,134,0,0,0,903.16,196.4427,867.987,167.7036,0
Rajasthan,Jalor,PMGSY-II,11,0,11,0,0,0,112.1,37.3423,112.1,28.6429,0
Rajasthan,Karauli,PMGSY-III,18,0,18,0,0,0,149.32,85.3008,146.13,63.9808,0
Rajasthan,"Khairthal Tijara",PMGSY-III,7,0,6,0,1,0,54.842,33.28302,53.024,28.8453,0.45
Rajasthan,Kota,PMGSY-III,18,2,13,2,5,0,138.302,92.218,113.29,57.9428,23.162
Rajasthan,Rajsamand,PMGSY-I,369,0,369,0,0,0,1338.56,306.3419,1347.99,270.2181,0
Rajasthan,Sawaimadhopur,PMGSY-III,28,1,28,1,0,0,188.371,103.13204,181.793,87.5809,0
Rajasthan,Sikar,PMGSY-I,495,0,495,0,0,0,1814.625,365.8853,1757.388,313.1222,0
Rajasthan,Sirohi,PMGSY-I,203,2,203,2,0,0,817.661,238.6425,800.411,204.7766,0
Rajasthan,Tonk,PMGSY-I,267,0,267,0,0,0,1190.87,225.0534,1135.969,211.1968,0
Sikkim,East,PMGSY-I,175,21,168,19,7,2,705.099,355.3692,673.593,340.5543,14.767
Sikkim,Pakyong,PMGSY-II,7,0,5,0,2,0,21.23,18.991,19.655,16.1001,0.925
Sikkim,Soreng,PMGSY-I,171,10,166,10,5,0,753.756,359.6555,744.064,361.2059,0.375
Sikkim,South,PMGSY-II,10,0,10,0,0,0,41.782,36.0774,41.78,33.2743,0
Sikkim,South,PMGSY-III,11,1,0,0,11,1,82.3,77.76617,21.53,16.8135,60.77
Sikkim,"West Sikkim",PMGSY-III,6,1,0,0,6,1,35.6,35.44266,0,2.3248,35.6
"Tamil Nadu",Ariyalur,PMGSY-II,39,3,39,3,0,0,134.099,43.28113,132.39,44.3706,0
"Tamil Nadu",Chengalpattu,PMGSY-III,19,3,13,1,6,2,81.153,71.6795,79.708,31.162,1.447
"Tamil Nadu",Coimbatore,PMGSY-III,27,0,26,0,1,0,97.925,51.44381,97.73,48.4712,0
"Tamil Nadu",Cuddalore,PMGSY-I,244,1,244,1,0,0,482.917,116.79269,468.895,199.877,0
"Tamil Nadu",Kanchipuram,PMGSY-II,14,5,14,5,0,0,49.11,25.4898,49.29,26.8983,0
"Tamil Nadu",Madurai,PMGSY-II,36,0,36,0,0,0,125.62,45.16382,125.62,48.7631,0
"Tamil Nadu",Namakkal,PMGSY-I,227,0,227,0,0,0,411.066,134.62504,408.816,110.0604,0
"Tamil Nadu",Ramanathapuram,PMGSY-II,63,0,63,0,0,0,230.991,121.27181,230.991,129.9861,0
"Tamil Nadu",Sivagangai,PMGSY-I,209,0,209,0,0,0,433.688,107.15013,431.905,273.4849,0
"Tamil Nadu","The Nilgiris",PMGSY-II,15,0,15,0,0,0,58.54,66.72564,57.723,69.0087,0
"Tamil Nadu",Tiruchirappalli,PMGSY-II,20,0,20,0,0,0,85.865,29.46129,85.865,23.7441,0
"Tamil Nadu",Tiruvarur,PMGSY-I,294,28,294,28,0,0,615.127,367.29118,604.058,337.5778,0
"Tamil Nadu",Tiruvarur,PMGSY-III,99,21,53,4,46,17,401.411,382.67215,236.548,186.3248,164.104
"Tamil Nadu",Tuticorin,PMGSY-I,226,6,226,6,0,0,487.771,117.82051,485.401,91.7046,0
"Tamil Nadu",Tuticorin,PMGSY-II,14,0,14,0,0,0,56.3,20.98946,55.93,22.3365,0
"Tamil Nadu",Villupuram,PMGSY-II,46,0,46,0,0,0,143.063,56.50137,142.868,59.5999,0
"Tamil Nadu",Villupuram,PMGSY-III,36,1,33,1,3,0,122.502,71.82422,112.257,54.203,10.19
Telangana,Adilabad,PMGSY-II,2,2,2,2,0,0,18.99,19.2077,16.041,17.5167,0
Telangana,Jangoan,PMGSY-I,88,8,88,8,0,0,280.49,93.59945,277.926,15.4745,0
Telangana,"Jogulamba Gadwal",PMGSY-I,25,1,25,1,0,0,151.925,31.8538,146.475,60.6567,0
Telangana,Karimnagar,PMGSY-II,3,0,3,0,0,0,27.18,13.8392,26.431,13.3442,0
Telangana,Khammam,PMGSY-II,6,1,6,1,0,0,69.14,49.8709,66.773,35.9228,0
Telangana,Mancherial,PMGSY-III,11,12,9,11,2,1,81.154,66.56117,73.935,25.8892,7.06
Telangana,"Medchal Malkajgiri",PMGSY-I,15,0,15,0,0,0,24.04,2.5764,24.04,5.6566,0
Telangana,Mulugu,PMGSY-II,2,0,2,0,0,0,12.6,9.5286,12.57,8.3201,0
Telangana,Mulugu,RCPLWEA,52,16,13,5,39,11,259.64,308.80704,128.168,148.6066,130.04
Telangana,Nizamabad,PMGSY-I,194,10,194,10,0,0,444.95,67.6443,446.98,133.9151,0
Telangana,Nizamabad,PMGSY-III,15,4,10,0,5,4,104.393,66.5664,82.727,50.8882,19.965
Telangana,"Ranga Reddy",PMGSY-III,19,4,18,2,1,2,118.317,88.03751,114.706,82.4729,0.5
Telangana,Sangareddy,PMGSY-I,147,9,147,9,0,0,414.57,94.1774,405.846,182.4015,0
Telangana,Sangareddy,PMGSY-II,5,0,5,0,0,0,35.75,22.3813,34.782,18.0143,0
Telangana,Siddipet,PMGSY-II,6,1,6,1,0,0,55.34,30.2683,52.275,27.4082,0
Telangana,Vikarabad,PMGSY-II,3,0,3,0,0,0,27.65,16.1464,27.65,14.4262,0
Telangana,Wanaparthy,PMGSY-III,11,4,5,3,6,1,49.94,37.41594,21.096,18.7578,26.92
Tripura,Khowai,PM-JANMAN,2,0,0,0,2,0,4.133,3.87799,0,0,4.133
Tripura,"North Tripura",PMGSY-III,7,0,2,0,5,0,41.024,37.89487,20.955,21.737,20.064
Tripura,"South Tripura",PMGSY-I,281,15,281,15,0,0,1007.773,671.5744,992.179,648.2745,0
Tripura,"South Tripura",PM-JANMAN,6,0,0,0,6,0,11.237,10.84625,0,0,11.237
Tripura,Unakoti,PMGSY-III,6,0,0,0,6,0,41.55,37.37701,0,0,41.55
Tripura,"West Tripura",PMGSY-III,12,0,1,0,11,0,88.035,87.10655,35.764,42.8997,52.271
"Uttar Pradesh",Aligarh,PMGSY-II,11,0,11,0,0,0,105.85,54.49746,105.85,48.1263,0
"Uttar Pradesh",Auraiya,PMGSY-II,7,0,7,0,0,0,58.75,36.4278,58.365,28.0419,0
"Uttar Pradesh",Baghpat,PMGSY-I,222,0,222,0,0,0,532.58,119.8807,529.97,117.4999,0
"Uttar Pradesh",Bahraich,PMGSY-II,12,1,12,1,0,0,101.075,64.5484,98.849,60.6683,0
"Uttar Pradesh",Ballia,PMGSY-III,32,0,32,0,0,0,233.075,146.6125,233.045,124.6557,0
"Uttar Pradesh",Balrampur,PMGSY-III,32,0,31,0,1,0,217.102,163.43264,216.887,149.8023,0.16
"Uttar Pradesh",Banda,PMGSY-III,21,0,21,0,0,0,163.367,136.6557,162.798,121.0821,0
"Uttar Pradesh",Barabanki,PMGSY-I,321,0,321,0,0,0,1100.182,371.3929,1078.765,378.4339,0
"Uttar Pradesh",Barabanki,PMGSY-II,13,0,13,0,0,0,104.86,67.59899,103.25,61.1589,0
"Uttar Pradesh",Bareilly,PMGSY-III,51,0,51,0,0,0,427.39,266.64227,424.915,226.4575,0
"Uttar Pradesh",Basti,PMGSY-II,13,0,13,0,0,0,93.78,55.17578,92.875,47.7588,0
"Uttar Pradesh",Bijnor,PMGSY-II,9,0,9,0,0,0,97.67,44.97122,97.67,39.5673,0
"Uttar Pradesh",Chandauli,PMGSY-II,13,0,13,0,0,0,93.025,40.6267,91.75,35.6952,0
"Uttar Pradesh",Chandauli,PMGSY-III,18,0,18,0,0,0,135.425,55.76251,132.61,44.5444,0
"Uttar Pradesh",Etah,PMGSY-II,14,0,14,0,0,0,105.27,59.27319,105.27,48.2012,0
"Uttar Pradesh",Etah,PMGSY-III,35,0,35,0,0,0,251.245,164.66377,250.331,119.1561,0
"Uttar Pradesh","G.B. Nagar",PMGSY-III,4,0,4,0,0,0,33.65,19.19977,31.948,12.771,0
"Uttar Pradesh",Ghaziabad,PMGSY-I,154,0,154,0,0,0,385.4,79.6784,372.599,75.601,0
"Uttar Pradesh",Ghaziabad,PMGSY-III,10,0,10,0,0,0,71.19,41.1063,63.531,32.5451,0
"Uttar Pradesh",Gonda,PMGSY-I,232,0,232,0,0,0,683.49,218.8356,679.896,209.6878,0
"Uttar Pradesh",Gonda,PMGSY-II,16,0,16,0,0,0,101.14,63.7346,100.89,61.843,0
"Uttar Pradesh",Gorakhpur,PMGSY-I,318,0,318,0,0,0,921.37,332.4885,908.531,304.686,0
"Uttar Pradesh",Hardoi,PMGSY-II,13,0,13,0,0,0,107.55,70.74885,106.535,61.5132,0
"Uttar Pradesh",Jalaun,PMGSY-I,178,0,178,0,0,0,548.53,139.047,533.757,134.3715,0
"Uttar Pradesh",Jaunpur,PMGSY-II,13,0,13,0,0,0,100.77,47.16149,96.605,40.6712,0
"Uttar Pradesh",Kannauj,PMGSY-I,216,0,216,0,0,0,523.625,148.1651,513.177,146.1985,0
"Uttar Pradesh","Kanpur Dehat",PMGSY-I,270,0,270,0,0,0,751.791,173.9928,747.12,163.5418,0
"Uttar Pradesh",Kaushambi,PMGSY-III,40,0,31,0,9,0,282.62,272.4038,225.788,190.5231,54.905
"Uttar Pradesh",Kushinagar,PMGSY-II,14,0,14,0,0,0,98.875,67.3317,98.255,54.6509,0
"Uttar Pradesh",Lucknow,PMGSY-III,20,0,20,0,0,0,155.615,121.82107,154.996,103.3978,0
"Uttar Pradesh",Maharajganj,PMGSY-I,227,0,227,0,0,0,726.6,207.5332,716.644,196.601,0
"Uttar Pradesh",Mahoba,PMGSY-II,11,0,11,0,0,0,99.5,52.5926,99.5,48.3865,0
"Uttar Pradesh",Mainpuri,PMGSY-III,11,0,11,0,0,0,77.3,42.6268,76.438,31.625,0
"Uttar Pradesh",Mirzapur,PMGSY-I,287,0,287,0,0,0,834.627,217.1968,800.673,188.5854,0
"Uttar Pradesh",Muzaffarnagar,PMGSY-I,204,0,204,0,0,0,560.02,108.6372,559.77,104.6458,0
"Uttar Pradesh",Pratapgarh,PMGSY-II,15,0,15,0,0,0,95.1,58.1514,95,55.196,0
"Uttar Pradesh",Pratapgarh,PMGSY-III,70,0,70,0,0,0,485.09,430.01389,483.519,374.2802,0
"Uttar Pradesh",Prayagraj,PMGSY-I,345,0,345,0,0,0,874.325,252.1413,870.48,240.7154,0
"Uttar Pradesh","S.R. Nagar(Bhadohi)",PMGSY-III,19,0,8,0,11,0,121.77,117.4236,83.289,48.573,37.51
"Uttar Pradesh",Saharanpur,PMGSY-I,289,0,289,0,0,0,882.485,186.1605,868.598,168.2767,0
"Uttar Pradesh",Siddharathnagar,PMGSY-I,270,0,270,0,0,0,814.687,265.9776,796.061,244.5343,0
"Uttar Pradesh",Siddharathnagar,PMGSY-III,43,0,43,0,0,0,313.788,270.3367,313.003,240.4908,0
"Uttar Pradesh",Sonebhadra,RCPLWEA,18,11,13,11,5,0,460.375,363.0348,408.775,313.3997,51.5
"Uttar Pradesh",Sultanpur,PMGSY-II,7,0,7,0,0,0,93.55,70.7646,92.3,59.7019,0
"Uttar Pradesh",Sultanpur,PMGSY-III,40,0,36,0,4,0,261.285,209.16106,250.878,168.2393,9.795
"Uttar Pradesh",Unnao,PMGSY-II,14,0,14,0,0,0,110.985,70.91764,110.646,68.1818,0
Uttarakhand,Almora,PMGSY-I,306,33,304,33,2,0,2772.415,1363.5677,2767.312,1292.6049,3.95
Uttarakhand,Dehradun,PMGSY-II,10,0,10,0,0,0,51.747,29.3604,51.497,29.1802,0
Uttarakhand,Pauri,PMGSY-II,16,0,16,0,0,0,136.372,95.2061,135.947,98.1275,0
Uttarakhand,Pauri,PMGSY-III,35,0,24,0,11,0,423.942,303.7155,403.332,231.6226,20.377
Uttarakhand,Tehri,PMGSY-III,18,0,14,0,4,0,164.127,140.24796,133.223,110.1936,30.143
Uttarakhand,"Udham Singh Nagar",PMGSY-I,34,0,34,0,0,0,87.36,27.5101,87.01,28.6638,0
Uttarakhand,Uttarkashi,PMGSY-II,6,0,6,0,0,0,59.961,33.6605,59.961,35.8755,0
Uttarakhand,Uttarkashi,PMGSY-III,25,0,1,0,24,0,238.812,206.9279,71.31,54.4551,167.502
"West Bengal",Alipurduar,PMGSY-I,127,1,127,1,0,0,679.888,265.03637,675.665,238.0762,0
"West Bengal",Alipurduar,PMGSY-II,11,2,11,2,0,0,135.36,113.9922,135.16,101.2693,0
"West Bengal",Alipurduar,PMGSY-III,13,0,0,0,13,0,100.301,85.8944,0,18.0567,100.301
"West Bengal",Bankura,PMGSY-II,11,3,11,3,0,0,162.64,159.45727,163.694,124.7358,0
"West Bengal",Darjeeling,PMGSY-II,11,1,11,1,0,0,82.719,97.20272,80.228,95.8807,0
"West Bengal",Howrah,PMGSY-III,23,0,12,0,11,0,129.7,93.41899,70.753,58.2632,58.941
"West Bengal",Jhargram,PMGSY-I,342,1,342,1,0,0,1682.226,867.33017,1673.013,797.6782,0
"West Bengal",Jhargram,PMGSY-III,9,0,1,0,8,0,103.375,100.6439,10.169,19.5051,93.206
"West Bengal",Murshidabad,PMGSY-III,44,0,13,0,31,0,306.789,178.08444,113.763,80.993,193.031
"West Bengal",Nadia,PMGSY-I,249,1,249,1,0,0,1683.342,766.74,1668.023,707.9647,0
"West Bengal","North 24 Parganas",PMGSY-II,17,0,17,0,0,0,108.635,88.48067,108.82,64.7262,0
"West Bengal","Paschim Burdwan",PMGSY-I,66,1,66,1,0,0,273.207,104.43723,257.604,89.0336,0
"West Bengal","Paschim Burdwan",PMGSY-III,17,1,6,0,11,1,100.042,80.30224,39.355,30.8338,59.177
"West Bengal","Paschim Medinipur",PMGSY-III,28,0,0,0,28,0,267.988,231.62961,0,26.0738,267.988
"West Bengal","Siliguri M.P.",PMGSY-I,94,1,94,1,0,0,354.167,121.07113,352.332,110.1007,0
"West Bengal","South 24-Parganas",PMGSY-II,29,0,29,0,0,0,171.764,148.82442,171.515,138.2227,0
"West Bengal",Uttardinajpur,PMGSY-I,351,4,351,4,0,0,1463.526,662.19252,1437.278,580.5011,0
"Andaman And Nicobar","South Andaman",PMGSY-I,32,0,32,0,0,0,40.146,18.5375,39.287,11.6894,0
"Andaman And Nicobar","South Andaman",PMGSY-II,11,0,11,0,0,0,20.082,10.4095,17.747,9.0375,0
"Andhra Pradesh","Alluri Sitharama Raju",PMGSY-II,2,0,2,0,0,0,14,8.9385,12.395,6.4294,0
"Andhra Pradesh","Alluri Sitharama Raju",PM-JANMAN,167,0,2,0,165,0,483.64,442.64179,8.15,0,475.5
"Andhra Pradesh",Chittoor,PMGSY-III,38,3,34,0,4,3,282.008,186.9541,236.524,108.1125,38.4
"Andhra Pradesh","East Godavari",PMGSY-III,9,0,7,0,2,0,55.732,28.9171,43.527,21.7286,12.2
"Andhra Pradesh",Krishna,PMGSY-I,159,5,159,5,0,0,368.9,89.007,358.31,87.323,0
"Andhra Pradesh",Kurnool,PMGSY-I,138,24,138,24,0,0,454.725,137.4856,419.89,132.1242,0
"Andhra Pradesh",Ntr,PMGSY-I,68,4,68,4,0,0,162.8,36.6868,156.83,37.4292,0
"Andhra Pradesh",Ntr,PMGSY-II,4,0,4,0,0,0,36.15,18.471,35.164,15.2381,0
"Andhra Pradesh","Parvathipuram Manyam",PMGSY-II,3,0,3,0,0,0,24.49,14.53,23.08,12.0531,0
"Andhra Pradesh","Parvathipuram Manyam",RCPLWEA,55,10,43,8,12,2,385.484,353.27394,307.091,291.7181,71.684
"Andhra Pradesh","Parvathipuram Manyam",PMGSY-III,9,0,9,0,0,0,63.085,42.31,60.676,39.457,0
"Andhra Pradesh",Prakasam,PMGSY-II,9,0,9,0,0,0,61.404,30.9533,59.156,27.2731,0
"Andhra Pradesh","Sri Sathya Sai",PMGSY-III,11,3,10,0,1,3,121.535,70.68048,112.695,51.2735,4.5
"Andhra Pradesh",Visakhapatnam,PMGSY-I,49,1,49,1,0,0,84.052,23.2047,79.283,20.176,0
"Andhra Pradesh",Visakhapatnam,PMGSY-III,2,0,2,0,0,0,13.17,5.19998,11.89,4.4959,0
"Arunachal Pradesh",Changlang,PMGSY-II,1,0,1,0,0,0,3.7,3.5192,3.7,3.4336,0
"Arunachal Pradesh","East Siang",PMGSY-I,23,1,23,1,0,0,51.925,25.3767,51.925,25.103,0
"Arunachal Pradesh",Namsai,PMGSY-I,39,1,39,1,0,0,209.16,97.9754,209.16,97.1079,0
"Arunachal Pradesh","Shi Yomi",PMGSY-I,24,2,22,1,2,1,218.71,195.3334,169.12,153.2078,49.59
"Arunachal Pradesh","Shi Yomi",PMGSY-III,1,1,0,0,1,1,7.87,16.3362,0,0,7.87
"Arunachal Pradesh",Siang,PMGSY-II,2,0,2,0,0,0,28.22,22.8833,28.22,16.3735,0
"Arunachal Pradesh",Tawang,PMGSY-I,59,5,59,5,0,0,608.374,454.0604,602.472,509.5775,0
"Arunachal Pradesh","Upper Siang",PMGSY-II,2,0,2,0,0,0,11.02,4.8324,11.02,4.875,0
"Arunachal Pradesh","Upper Subansiri",PMGSY-I,107,19,96,12,11,7,1456.32,1055.66722,1379.96,1029.567,77.1
"Arunachal Pradesh","West Kameng",PMGSY-I,84,11,82,10,2,1,775.769,451.7983,768.405,467.6346,3.84
"Arunachal Pradesh","West Kameng",PMGSY-II,2,0,2,0,0,0,8.22,3.9595,8.19,4.4121,0
Assam,Baksa,PMGSY-II,8,4,8,4,0,0,55.431,41.1995,55.431,40.2588,0
Assam,Barpeta,PMGSY-II,14,4,14,4,0,0,73.95,55.7711,73.95,56.2404,0
Assam,Cachar,PMGSY-I,277,43,277,43,0,0,1056.937,647.85356,1031.497,678.6538,0
Assam,Chirang,PMGSY-I,140,45,140,45,0,0,531.319,456.52395,530.547,475.7645,0
Assam,Chirang,PMGSY-III,7,2,7,2,0,0,50.91,36.6659,50.91,36.3479,0
Assam,Dibrugarh,PMGSY-II,16,4,16,4,0,0,179.97,139.6455,179.92,143.5531,0
Assam,"Karbi Anglong",PMGSY-III,19,3,7,1,12,2,113.387,66.53463,40.02,27.9148,73.367
Assam,Karimganj,PMGSY-I,266,53,266,53,0,0,881.413,658.02889,876.615,748.7809,0
Assam,Karimganj,PMGSY-III,23,0,17,0,6,0,145.542,111.22492,117.849,90.3879,27.605
Assam,Morigaon,PMGSY-I,260,14,260,14,0,0,799.111,549.8745,797.745,581.5084,0
Assam,Sibsagar,PMGSY-III,27,4,17,1,10,3,130.307,81.02929,101.065,58.2012,29.247
Assam,Sonitpur,PMGSY-I,352,58,352,58,0,0,1216.775,706.49605,1215.605,736.0175,0
Bihar,Aurangabad,PMGSY-III,20,6,17,3,3,3,167.826,123.69011,156.746,65.1867,11.075
Bihar,Banka,PMGSY-II,5,0,5,0,0,0,57.16,24.2928,57.16,23.4551,0
Bihar,Chapra(Saran),PMGSY-II,18,0,18,0,0,0,63.492,25.39787,63.042,28.1169,0
Bihar,"Kaimur (Bhabhua)",PMGSY-II,5,0,5,0,0,0,41.47,25.4849,40.77,23.0513,0
Bihar,Khagaria,PMGSY-II,3,0,3,0,0,0,14.967,6.5288,14.952,7.004,0
Bihar,Kishanganj,PMGSY-I,305,101,305,100,0,1,1251.501,895.2539,1222.233,827.0731,0
Bihar,Kishanganj,PMGSY-II,25,41,25,41,0,0,263.67,256.1152,260.965,278.6794,0
Bihar,Lakhisarai,PMGSY-I,202,10,192,10,10,0,534.825,205.25149,480.872,187.0906,33.421
Bihar,Munger,PMGSY-I,185,3,185,3,0,0,457.382,204.65905,449.417,172.7916,0
Bihar,Munger,PMGSY-III,3,0,3,0,0,0,21.864,15.0352,21.864,10.0935,0
Bihar,Muzaffarpur,PMGSY-II,6,0,6,0,0,0,30.699,13.00032,30.44,10.4769,0
Bihar,Muzaffarpur,RCPLWEA,25,16,24,13,1,3,358.548,521.57931,350.921,530.493,2.428
Bihar,Nalanda,PMGSY-I,431,9,430,9,1,0,1285.064,563.77684,1264.156,510.2949,0.9
Bihar,Purnia,PMGSY-II,20,0,20,0,0,0,153.668,89.62053,153.54,96.4144,0
Bihar,Rohtas,PMGSY-I,686,3,683,3,3,0,2130.185,938.85127,2020.033,891.0633,19.656
Bihar,Saharsa,PMGSY-I,256,43,253,39,3,4,714.202,558.70765,653.708,515.6912,14.517
Bihar,Samastipur,PMGSY-III,18,13,16,7,2,6,152.698,155.25075,145.831,139.5306,3.556
Bihar,Sheikhpura,PMGSY-I,122,9,120,9,2,0,327.671,146.68576,295.014,144.6935,6
Bihar,Sheohar,PMGSY-I,112,1,106,1,6,0,338.835,186.8218,305.42,162.839,7.952
Bihar,Siwan,PMGSY-II,14,0,14,0,0,0,77.452,36.19232,77.254,34.9717,0
Bihar,"West Champaran",PMGSY-III,15,19,13,7,2,12,138.317,233.7442,121.798,105.0556,12.472
Chhattisgarh,Bastar,RCPLWEA,51,1,51,1,0,0,479.475,303.27069,475.58,207.4498,0
Chhattisgarh,Bemetra,PMGSY-II,6,0,6,0,0,0,56.45,32.1929,55.46,30.1534,0
Chhattisgarh,Bijapur,PMGSY-I,296,0,177,0,119,0,1567.745,476.9285,1064.385,289.8993,501.71
Chhattisgarh,Bilaspur,PMGSY-III,29,6,29,4,0,2,251.22,207.37962,251.22,182.9964,0
Chhattisgarh,Dantewada,PMGSY-I,173,1,145,0,28,1,767.685,277.73475,680.055,263.5802,71.15
Chhattisgarh,Dantewada,RCPLWEA,17,3,14,2,3,1,156.525,192.4754,126.825,109.8522,29.7
Chhattisgarh,Dantewada,PMGSY-III,5,0,5,0,0,0,37.3,16.1087,37.3,13.9301,0
Chhattisgarh,Durg,PMGSY-II,7,0,7,0,0,0,69.425,40.3848,68.995,36.8385,0
Chhattisgarh,Gariaband,PMGSY-I,193,23,192,23,1,0,1159.785,394.4173,1090.682,391.0985,19.38
Chhattisgarh,"Gaurella Pendra Marwahi",PMGSY-III,11,0,11,0,0,0,102.4,44.82817,102.4,42.662,0
Chhattisgarh,Jangir-Champa,PMGSY-I,369,0,369,0,0,0,1345.73,348.9464,1294.997,315.516,0
Chhattisgarh,Kawardha,PMGSY-II,8,0,8,0,0,0,116.1,67.3321,113.87,58.633,0
Chhattisgarh,Kawardha,PMGSY-III,27,0,27,0,0,0,282.102,171.06871,279.842,138.8372,0
Chhattisgarh,Kondagaon,RCPLWEA,72,11,69,4,3,7,549.97,392.95706,519.025,276.3342,25.9
Chhattisgarh,Kondagaon,PMGSY-III,27,4,27,3,0,1,269.89,191.5893,267.885,168.8895,0
Chhattisgarh,Korba,PMGSY-I,395,9,395,9,0,0,1749.245,576.5879,1721.57,541.0504,0
Chhattisgarh,Narayanpur,PMGSY-I,94,1,93,1,1,0,344.835,191.55853,337.585,191.3463,6.9
Chhattisgarh,Narayanpur,RCPLWEA,10,8,3,1,7,7,123.4,117.1387,21.6,41.6379,101.7
Chhattisgarh,Raigarh,PMGSY-II,14,0,14,0,0,0,178.596,110.8773,173.9,91.1443,0
Chhattisgarh,Raigarh,PM-JANMAN,12,0,5,0,7,0,21.73,15.04564,6.79,0,14.85
Chhattisgarh,Raipur,PMGSY-I,85,1,85,1,0,0,371.155,114.48731,353.042,104.6007,0
Chhattisgarh,Rajnandgaon,PMGSY-II,19,0,19,0,0,0,187.87,125.48176,184.96,114.7256,0
Chhattisgarh,Sukma,PMGSY-I,223,1,153,1,70,0,1085.595,424.92455,838.025,358.751,242.6
Chhattisgarh,Surguja,PMGSY-III,16,4,16,4,0,0,184.854,108.7031,183.049,92.0428,0
Goa,"North Goa",PMGSY-I,39,0,39,0,0,0,69.87,4.6652,69.35,0,0
Gujarat,Amreli,PMGSY-I,69,0,69,0,0,0,252.19,29.7638,247.64,31.464,0
Gujarat,Arvalli,PMGSY-II,1,0,1,0,0,0,9,4.9002,9,4.2387,0
Gujarat,Bharuch,PMGSY-III,8,1,7,0,1,1,84.667,53.37982,82.752,47.449,0.002
Gujarat,Botad,PMGSY-III,3,0,3,0,0,0,20.364,9.87661,19.38,8.7543,0
Gujarat,Chhotaudepur,PMGSY-I,75,1,75,1,0,0,256.005,81.7572,253.505,87.9262,0
Gujarat,Dahod,PMGSY-I,744,0,744,0,0,0,1541,418.9183,1517.585,426.5685,0
Gujarat,"Devbhumi Dwarka",PMGSY-I,36,6,36,6,0,0,130.57,24.3744,130.57,23.1032,0
Gujarat,Gandhinagar,PMGSY-II,3,0,3,0,0,0,25.9,15.2805,25.725,7.7274,0
Gujarat,"Gir Somnath",PMGSY-II,4,0,4,0,0,0,34.95,17.3059,34.95,15.4848,0
Gujarat,"Gir Somnath",PMGSY-III,4,0,4,0,0,0,36.421,24.52559,34.001,22.4871,0
Gujarat,Kheda,PMGSY-III,14,0,14,0,0,0,129.955,81.17447,129.592,76.8868,0
Gujarat,Narmada,PMGSY-III,8,3,8,0,0,3,83.397,50.8225,83.383,40.3275,0
Gujarat,Patan,PMGSY-II,4,0,4,0,0,0,34.8,25.5796,34.8,19.264,0
Gujarat,Rajkot,PMGSY-I,28,0,28,0,0,0,80.79,13.4673,77.24,13.7533,0
Gujarat,Vadodara,PMGSY-I,33,0,33,0,0,0,88.325,12.3664,88.12,13.5241,0
Haryana,Bhiwani,PMGSY-III,19,0,19,0,0,0,216.161,80.12683,214.033,78.6144,0
Haryana,"Charkhi Dadri",PMGSY-I,10,0,10,0,0,0,106.45,42.6275,106.35,34.1111,0
Haryana,Hisar,PMGSY-III,14,0,14,0,0,0,142.265,66.91083,141.505,62.9285,0
Haryana,Jind,PMGSY-I,22,0,22,0,0,0,283.08,103.4998,283.08,87.7302,0
Haryana,Kaithal,PMGSY-I,20,0,20,0,0,0,281.71,103.4395,279.57,91.5525,0
Haryana,Mewat,PMGSY-III,11,0,11,0,0,0,78.293,51.34165,77.862,42.1346,0
Haryana,Palwal,PMGSY-III,12,0,12,0,0,0,105.821,48.82524,103.103,43.1292,0
Haryana,Panipat,PMGSY-II,4,0,4,0,0,0,33.59,31.7896,33.239,22.9247,0
Haryana,Rewari,PMGSY-II,4,0,4,0,0,0,31.567,23.3616,30.526,18.717,0
Haryana,Rohtak,PMGSY-II,2,0,2,0,0,0,18.432,13.7,18.112,9.4461,0
Haryana,Rohtak,PMGSY-III,26,0,26,0,0,0,229.577,97.72531,225.013,91.7552,0
Haryana,Sonepat,PMGSY-II,11,4,11,4,0,0,151.585,137.3145,145.967,124.7443,0
"Himachal Pradesh",Bilaspur,PMGSY-I,151,0,151,0,0,0,742.475,235.7682,723.884,224.2754,0
"Himachal Pradesh",Bilaspur,PMGSY-III,19,0,0,0,19,0,184.615,170.96884,69,52.7222,115.615
"Himachal Pradesh",Chamba,PMGSY-III,23,1,7,0,16,1,222.726,247.27611,144.64,150.6602,78.086
"Himachal Pradesh",Kangra,PMGSY-III,58,12,5,0,53,12,518.163,593.43204,94.645,105.8776,423.518
"Himachal Pradesh","Lahul And Spiti",PMGSY-I,27,0,27,0,0,0,287.435,41.1428,286.43,39.6189,0
"Himachal Pradesh",Shimla,PMGSY-I,484,8,469,8,15,0,3605.742,1335.84816,3498.395,1385.0566,61.332
"Himachal Pradesh",Shimla,PMGSY-III,49,0,1,0,48,0,571.68,551.48496,140.59,140.0495,430.93
"Himachal Pradesh",Solan,PMGSY-II,9,0,9,0,0,0,71.265,52.1855,71.265,53.9967,0
"Himachal Pradesh",Una,PMGSY-II,9,1,9,1,0,0,85.345,75.988,83.729,77.9454,0
"Jammu And Kashmir",Bandipora,PMGSY-II,3,0,3,0,0,0,18.25,22.0933,18.35,18.6189,0
"Jammu And Kashmir",Budgam,PMGSY-I,150,4,150,3,0,1,600.65,453.9842,583.66,431.2607,0
"Jammu And Kashmir",Budgam,PMGSY-II,6,0,6,0,0,0,45.1,51.6965,42.25,36.3514,0
"Jammu And Kashmir",Budgam,PMGSY-III,25,0,19,0,6,0,184.859,177.63144,141.612,133.1978,41.976
"Jammu And Kashmir",Doda,PMGSY-III,10,1,7,0,3,1,110.42,129.675,103.8,110.7332,6.62
"Jammu And Kashmir",Ganderbal,PMGSY-I,109,4,108,4,1,0,334.84,237.2777,308.62,211.0589,0.46
"Jammu And Kashmir",Jammu,PMGSY-III,15,20,14,8,1,12,111.15,226.0501,94.505,176.593,16.53
"Jammu And Kashmir",Kupwara,PMGSY-III,15,0,11,0,4,0,125.756,109.80046,105.726,68.7412,19.2
"Jammu And Kashmir",Poonch,PMGSY-II,4,0,4,0,0,0,37.2,36.9502,37.2,32.3152,0
"Jammu And Kashmir",Rajouri,PMGSY-I,281,29,279,29,2,0,1936.805,1167.5271,1933.712,1170.3011,0.4
"Jammu And Kashmir",Ramban,PMGSY-III,9,0,8,0,1,0,72.358,74.82583,65.305,60.5345,7.05
"Jammu And Kashmir",Reasi,PMGSY-I,154,22,142,15,12,7,1505.005,1033.30034,1424.013,831.1521,61.745
"Jammu And Kashmir",Reasi,PMGSY-II,5,0,5,0,0,0,36.95,47.2833,36.025,35.2418,0
Jharkhand,Chatra,PMGSY-II,10,0,10,0,0,0,102.992,52.67682,102.985,44.6036,0
Jharkhand,Deoghar,PMGSY-I,177,30,177,30,0,0,587.009,258.17225,556.692,221.8802,0
Jharkhand,Dumka,RCPLWEA,9,2,9,2,0,0,57.803,48.7926,57.803,43.3092,0
Jharkhand,Garhwa,RCPLWEA,14,23,13,21,1,2,136.506,150.98917,130.006,97.8383,6.5
Jharkhand,Giridih,PMGSY-I,529,50,529,50,0,0,1817.611,849.84965,1792.28,722.7389,0
Jharkhand,Giridih,PMGSY-II,8,0,8,0,0,0,81.675,49.3679,81.675,29.0317,0
Jharkhand,Giridih,RCPLWEA,27,15,22,14,5,1,137.608,130.42188,110.658,109.2079,26.647
Jharkhand,Giridih,PMGSY-III,29,5,7,5,22,0,258.785,167.36601,218.857,140.094,39.851
Jharkhand,Hazaribagh,PMGSY-II,6,2,6,2,0,0,63.115,56.62399,63.115,38.7327,0
Jharkhand,Hazaribagh,RCPLWEA,14,6,14,6,0,0,123.328,108.07188,123.328,93.9569,0
Jharkhand,Koderma,PMGSY-II,4,0,4,0,0,0,41.951,21.10256,41.951,16.0668,0
Jharkhand,Koderma,PM-JANMAN,1,0,0,0,1,0,3.13,3.05709,0,0,3.13
Jharkhand,Latehar,RCPLWEA,27,31,9,21,18,10,230.93,268.15713,199.15,207.8999,31.78
Jharkhand,Lohardaga,PMGSY-III,10,1,3,0,7,1,85.5,47.69468,47.815,32.3367,37.685
Jharkhand,Palamu,PMGSY-III,25,13,0,2,25,11,223.406,175.30965,100.3,131.2087,123.106
Jharkhand,"Purbi Singhbhum",PMGSY-I,668,5,668,5,0,0,1952.658,645.03775,1875.058,585.323,0
Jharkhand,"Purbi Singhbhum",RCPLWEA,5,2,1,2,4,0,21.65,29.89835,11.5,19.0701,10.15
Jharkhand,"Purbi Singhbhum",PMGSY-III,17,12,6,1,11,11,178.091,151.07022,164.265,121.1194,12.628
Jharkhand,Ranchi,PMGSY-II,10,0,10,0,0,0,113.575,70.3437,112.405,56.6188,0
Jharkhand,"Saraikela Kharsawan",PMGSY-I,200,3,197,3,3,0,675.932,226.6499,616.839,197.7627,13.128
Jharkhand,"Saraikela Kharsawan",PM-JANMAN,1,1,0,0,1,1,10.5,10.4017,0,0,10.5
Jharkhand,Simdega,PMGSY-II,3,0,3,0,0,0,18.74,9.55143,18.738,6.8547,0
Karnataka,Bellary,PMGSY-II,8,2,8,2,0,0,70.02,31.8604,68.31,30.1544,0
Karnataka,Bijapur,PMGSY-II,7,0,7,0,0,0,70,33.8041,69.43,33.1704,0
Karnataka,Chamarajanagar,PMGSY-I,68,0,68,0,0,0,315.695,57.0738,315.695,69.2926,0
Karnataka,Chamarajanagar,PMGSY-II,8,0,8,0,0,0,69.74,27.4781,71.44,28.4693,0
Karnataka,Chamarajanagar,PMGSY-III,17,0,17,0,0,0,111.285,57.26696,108.93,57.0559,0
Karnataka,Chickballapur,PMGSY-III,17,0,17,0,0,0,157.79,85.5812,155.083,86.9357,0
Karnataka,Chickmagalur,PMGSY-I,118,1,118,1,0,0,572.31,122.8202,572.31,139.3843,0
Karnataka,Chitradurga,PMGSY-II,10,0,10,0,0,0,69.78,32.4102,69.29,33.5742,0
Karnataka,Davanagere,PMGSY-I,161,0,161,0,0,0,625.34,131.3145,622.735,160.5346,0
Karnataka,Gadag,PMGSY-III,21,17,21,17,0,0,167.28,117.99868,162.266,127.1919,0
Karnataka,Haveri,PMGSY-I,112,1,112,1,0,0,705.52,162.3088,705.543,195.5453,0
Karnataka,Kodagu,PMGSY-III,13,0,13,0,0,0,83.838,59.01469,82.948,61.9655,0
Karnataka,Mysore,PMGSY-I,140,1,140,1,0,0,592.755,105.7215,592.775,120.5464,0
Karnataka,Raichur,PMGSY-II,7,0,7,0,0,0,68.07,33.3638,66.22,31.0503,0
Karnataka,Ramnagar,PMGSY-III,22,0,20,0,2,0,106.65,59.5909,102.339,55.2102,3.158
Karnataka,Shimoga,PMGSY-III,31,6,31,6,0,0,190.025,133.15624,175.901,122.8463,0
Karnataka,Yadgir,PMGSY-I,36,1,36,1,0,0,240.49,48.2724,240.49,52.9383,0
Kerala,Idukki,PMGSY-I,112,0,107,0,5,0,401.094,219.63918,382.744,236.289,17.993
Kerala,Kannur,PMGSY-III,19,0,6,0,13,0,109.849,107.30278,58.541,41.5325,51.327
Kerala,Kollam,PMGSY-I,78,0,78,0,0,0,166.137,64.0191,165.962,67.8229,0
Kerala,Kollam,PMGSY-II,11,0,11,0,0,0,44.755,38.4829,44.71,33.4289,0
Kerala,Kottayam,PMGSY-III,23,1,9,0,14,1,101.052,87.39754,72.45,54.702,28.563
Kerala,Malappuram,PMGSY-I,136,0,136,0,0,0,344.148,149.7968,338.265,162.9113,0
Kerala,Palakkad,PMGSY-III,25,2,3,0,22,2,135.815,132.32241,62.472,39.6212,73.242
Kerala,Pathanamthitta,PMGSY-II,10,0,10,0,0,0,28.112,21.7898,28.002,18.1261,0
Kerala,Pathanamthitta,PMGSY-III,11,0,2,0,9,0,45.753,34.4459,19.609,12.3073,26.142
Kerala,Thiruvananthapuram,PMGSY-II,13,0,13,0,0,0,58.735,45.2943,58.735,38.0261,0
Kerala,Thrissur,PMGSY-II,11,0,11,0,0,0,35.671,22.2808,34.788,16.919,0
Kerala,Wayanad,PMGSY-I,43,0,43,0,0,0,136.004,54.6217,134.354,46.0956,0
Kerala,Wayanad,PMGSY-III,11,2,4,0,7,2,69.09,66.20637,32.548,16.0796,36.542
"Madhya Pradesh",Alirajpur,PMGSY-III,21,20,21,12,0,8,205.02,189.05843,200.374,131.7002,0
"Madhya Pradesh",Anuppur,PMGSY-II,3,0,3,0,0,0,69.85,43.8586,65.6,34.6857,0
"Madhya Pradesh",Bhind,PMGSY-II,5,0,5,0,0,0,66.78,51.2411,66.528,53.8182,0
"Madhya Pradesh",Bhopal,PMGSY-III,7,8,2,4,5,4,79.61,87.115,52.064,37.1312,27.26
"Madhya Pradesh",Burhanpur,PMGSY-II,6,1,6,1,0,0,28.95,20.2889,28.88,16.6051,0
"Madhya Pradesh",Chhatarpur,PMGSY-I,485,4,485,4,0,0,1920.965,532.60199,1869.575,512.6195,0
"Madhya Pradesh",Chhindwara,PMGSY-II,8,11,8,11,0,0,165.48,124.733,157.827,110.7982,0
"Madhya Pradesh",Dhar,PMGSY-I,683,47,683,46,0,1,2717.93,940.72515,2592.773,902.1474,0
"Madhya Pradesh",Dhar,PMGSY-II,11,16,11,16,0,0,196.205,172.1021,189.208,148.5201,0
"Madhya Pradesh",Guna,PM-JANMAN,25,0,1,0,24,0,41.845,32.09175,7.253,0,34.415
"Madhya Pradesh",Harda,PMGSY-II,3,1,3,1,0,0,59.86,38.31338,57.5,36.4251,0
"Madhya Pradesh",Indore,PMGSY-III,13,20,9,10,4,10,150.895,179.26063,121.737,123.0682,28.147
"Madhya Pradesh",Khargone,PMGSY-I,479,38,479,37,0,1,2052.005,696.55118,1952.571,640.905,0
"Madhya Pradesh",Maihar,PM-JANMAN,1,0,0,0,1,0,2.85,2.43826,0,0,2.85
"Madhya Pradesh",Mandla,PMGSY-I,544,9,544,8,0,1,1947.315,511.81466,1927.235,488.1591,0
"Madhya Pradesh",Mandla,PMGSY-III,25,7,24,4,1,3,291.573,199.1078,289.694,117.1735,1.1
"Madhya Pradesh",Mandla,PM-JANMAN,63,0,11,0,52,0,133.445,87.37034,31.558,0,101.175
"Madhya Pradesh",Mandsour,PMGSY-II,5,7,5,7,0,0,93.581,71.2707,90.562,64.2365,0
"Madhya Pradesh",Niwari,PMGSY-III,8,2,8,0,0,2,68.258,55.21187,67.202,37.3788,0
"Madhya Pradesh",Pandhurna,PMGSY-III,2,2,1,2,1,0,37.6,29.9701,27.474,18.1417,10.04
"Madhya Pradesh",Panna,PMGSY-II,5,2,5,2,0,0,57.4,44.7128,55.681,40.1113,0
"Madhya Pradesh",Ratlam,PMGSY-I,406,20,406,20,0,0,1441.27,452.61312,1432.071,434.2625,0
"Madhya Pradesh",Ratlam,PMGSY-II,5,7,5,7,0,0,93.925,86.37772,94.187,76.223,0
"Madhya Pradesh",Sagar,PMGSY-II,13,8,13,8,0,0,178.727,151.28449,177.55,140.3944,0
"Madhya Pradesh",Satna,PMGSY-II,8,2,8,2,0,0,85.405,59.8967,84.673,55.7048,0
"Madhya Pradesh",Shahdol,PMGSY-I,376,12,376,12,0,0,1623.31,417.48167,1609.694,391.1052,0
"Madhya Pradesh",Shahdol,PM-JANMAN,42,0,9,0,33,0,84.779,58.64244,26.603,0,58.024
"Madhya Pradesh",Singrauli,PMGSY-I,296,8,296,7,0,1,1808.155,578.93949,1727.811,567.2492,0
"Madhya Pradesh",Singrauli,PMGSY-II,2,0,2,0,0,0,48.7,31.1032,48.682,28.4263,0
"Madhya Pradesh",Tikamgarh,PMGSY-III,15,2,15,1,0,1,147.44,103.93048,146.942,65.0683,0
"Madhya Pradesh",Umaria,PMGSY-I,278,12,278,12,0,0,1304.785,394.06145,1248.706,408.0965,0
"Madhya Pradesh",Umaria,PMGSY-III,12,6,12,3,0,3,116.02,98.3334,113.993,64.5866,0
"Madhya Pradesh",Vidisha,PMGSY-III,22,18,20,16,2,2,277.336,236.84604,270.665,187.9022,0.36
Maharashtra,Akola,PMGSY-II,5,5,5,5,0,0,43.2,32.0056,43.2,31.216,0
Maharashtra,Amrawati,PMGSY-III,28,22,27,0,1,22,180.125,172.03451,173.921,138.1841,2.67
Maharashtra,Beed,PMGSY-III,35,3,20,0,15,3,224.36,198.08618,137.96,124.0373,84.75
Maharashtra,Buldhana,PMGSY-II,6,2,6,2,0,0,46.25,24.2478,46.25,22.1955,0
Maharashtra,Chandrapur,PMGSY-I,108,2,108,2,0,0,642.66,177.0111,639.25,158.5197,0
Maharashtra,Chandrapur,PMGSY-III,23,18,21,0,2,18,164.166,179.18509,142.733,108.2368,19
Maharashtra,Gadchiroli,PMGSY-II,10,0,10,0,0,0,63.85,37.1005,63.622,25.7138,0
Maharashtra,Gondia,PMGSY-III,31,2,31,0,0,2,186.55,148.23996,184.344,63.7996,0
Maharashtra,Hingoli,PMGSY-I,170,20,170,20,0,0,488.07,101.0282,486.37,98.4918,0
Maharashtra,Hingoli,PMGSY-II,6,1,6,1,0,0,33.9,21.0556,33.9,19.3926,0
Maharashtra,Jalgaon,PMGSY-III,29,2,8,0,21,2,196.65,160.343,113.94,102.4067,81.58
Maharashtra,Jalna,PMGSY-III,26,20,21,0,5,20,149.075,164.24508,137.589,139.3419,9.35
Maharashtra,Latur,PMGSY-I,196,44,196,44,0,0,617.392,178.2271,617.392,186.0695,0
Maharashtra,Nashik,PMGSY-I,212,26,212,26,0,0,1221.777,350.47184,1102.245,330.6126,0
Maharashtra,Parbhani,PMGSY-I,165,18,165,18,0,0,474.795,116.425,454.067,137.3005,0
Maharashtra,Parbhani,PMGSY-II,7,6,7,6,0,0,49.38,39.0058,48.58,35.4389,0
Maharashtra,Pune,PMGSY-III,47,1,10,0,37,1,302.635,256.12758,131.706,173.4737,170.245
Maharashtra,Raigad,PMGSY-II,9,0,9,0,0,0,59.569,27.5518,59.122,25.4363,0
Maharashtra,Sangali,PMGSY-II,15,0,15,0,0,0,75.158,36.0634,74.769,36.1581,0
Maharashtra,Satara,PMGSY-II,18,0,18,0,0,0,111.795,57.3397,107.28,51.7698,0
Maharashtra,Solapur,PMGSY-I,288,16,288,16,0,0,1243.14,288.6699,1236.577,315.087,0
Maharashtra,Thane,PMGSY-I,43,0,43,0,0,0,115.012,38.8165,110.396,32.9066,0
Maharashtra,Wardha,PMGSY-I,137,9,137,9,0,0,976.956,240.7053,959.839,-31.8426,0
Maharashtra,Wardha,PMGSY-III,17,17,17,0,0,17,104.12,112.96683,101.796,82.8066,0
Manipur,"Imphal East",PMGSY-I,242,35,242,25,0,10,522.193,367.55554,529.163,352.8041,0
Manipur,"Imphal West",PMGSY-III,19,0,0,0,19,0,120.74,93.2818,0,0.3136,120.74
Manipur,Ukhrul,PMGSY-II,3,0,3,0,0,0,39,33.217,39,27.9998,0
Manipur,Ukhrul,PMGSY-III,9,0,0,0,9,0,92.25,76.8203,0,0.3864,92.25
Meghalaya,Ribhoi,PMGSY-I,129,3,129,3,0,0,557.943,292.3446,546.723,271.4277,0
Meghalaya,"South Garo Hills",PMGSY-III,6,7,2,0,4,7,40.385,83.90887,19.071,16.6128,21.314
Meghalaya,"West Garo Hills",PMGSY-I,261,38,260,38,1,0,897.868,664.54242,896.736,653.4213,0
Nagaland,Mon,PMGSY-I,36,0,35,0,1,0,313.72,57.8332,306.22,51.7305,7.5
Nagaland,Mon,PMGSY-II,1,2,1,2,0,0,21,26.1345,21,25.994,0
Nagaland,Phek,PMGSY-I,32,3,32,3,0,0,438.9,135.0624,438.9,138.7594,0
Odisha,Angul,PMGSY-I,310,16,310,16,0,0,1411.008,600.14673,1340.386,564.0837,0
Odisha,Balangir,PMGSY-I,923,28,923,28,0,0,2874.222,1080.0627,2748.716,980.823,0
Odisha,Balasore,PMGSY-II,28,0,28,0,0,0,140.4,68.72102,140.861,63.7939,0
Odisha,Balasore,PMGSY-III,51,3,33,1,18,2,372.201,265.25514,298.2,207.5865,74.71
Odisha,Bargarh,PMGSY-I,593,4,593,4,0,0,2056.541,714.37148,1945.182,693.789,0
Odisha,Bhadrak,PMGSY-I,455,5,455,5,0,0,1670.84,731.4234,1514.227,743.5553,0
Odisha,Cuttack,PMGSY-I,476,11,476,11,0,0,1943.923,893.19247,1899.696,901.7172,0
Odisha,Cuttack,PMGSY-III,69,5,34,1,35,4,418.366,250.8376,316.316,163.142,94.846
Odisha,Deogarh,PMGSY-III,14,3,14,1,0,2,90.01,62.88467,89.887,55.6056,0
Odisha,Dhenkanal,PMGSY-I,400,9,400,9,0,0,1202.851,457.51093,1153.66,436.0007,0
Odisha,Gajapati,PMGSY-II,12,0,12,0,0,0,83.01,42.8421,83.609,38.3411,0
Odisha,Ganjam,PMGSY-I,738,15,736,15,2,0,2713.993,1167.33081,2609.111,1184.5334,5.316
Odisha,Jagatsinghpur,PMGSY-III,40,0,20,0,20,0,238.588,131.20089,201.331,97.3288,37.052
Odisha,Jajpur,PMGSY-II,34,0,34,0,0,0,112.007,49.8446,109.56,43.5532,0
Odisha,Khurda,PMGSY-II,18,0,18,0,0,0,117.3,55.0978,120.067,64.3227,0
Odisha,Nawarangpur,PMGSY-III,46,5,31,0,15,5,301.296,217.7506,282.062,159.8872,18.427
Odisha,Nayagarh,PMGSY-III,41,4,22,1,19,3,253.776,163.30212,186.003,112.9218,65.252
Odisha,Nuapara,PMGSY-II,8,0,8,0,0,0,59.371,19.6178,59.292,16.837,0
Odisha,Rayagada,PMGSY-II,14,2,14,2,0,0,146.69,67.22425,149.158,57.6579,0
Odisha,Sambalpur,PMGSY-III,35,10,34,4,1,6,234.127,193.9159,221.722,158.0685,4.84
Puducherry,Puducherry,PMGSY-II,21,0,20,0,1,0,51.195,24.39268,48.027,29.7364,2.296
Punjab,Amritsar,PMGSY-III,33,7,14,0,19,7,299.161,286.37027,177.1,128.7162,121.846
Punjab,Faridkot,PMGSY-III,13,0,8,0,5,0,122.635,103.76198,110.36,86.0608,12.28
Punjab,Hoshiarpur,PMGSY-I,50,0,50,0,0,0,517.305,192.6273,516.616,170.6915,0
Punjab,Hoshiarpur,PMGSY-III,21,1,13,0,8,1,286.665,234.4038,187.181,118.4817,99.484
Punjab,Jalandhar,PMGSY-II,2,0,2,0,0,0,20.15,13.9106,20.15,11.7305,0
Punjab,Kapurthala,PMGSY-II,1,0,1,0,0,0,13.69,7.46961,13.69,6.2182,0
Punjab,Ludhiana,PMGSY-I,66,0,66,0,0,0,531.994,251.5569,531.995,241.9727,0
Punjab,Moga,PMGSY-II,10,1,10,1,0,0,110.76,68.2654,110.4,65.1958,0
Punjab,Mohali,PMGSY-III,4,0,3,0,1,0,31.94,25.61566,24.104,16.288,7.8
Punjab,Mukatsar,PMGSY-III,17,1,14,0,3,1,207.36,174.54428,166.19,124.7882,41.17
Punjab,Nawashahar,PMGSY-I,33,0,33,0,0,0,170.53,56.5777,170.53,53.6546,0
Punjab,Pathankot,PMGSY-I,25,0,25,0,0,0,109.035,50.9354,108.63,52.1967,0
Punjab,Ropar,PMGSY-I,39,0,39,0,0,0,200.02,74.2851,192.02,73.5183,0
Punjab,Sangrur,PMGSY-III,35,10,23,6,12,4,341.649,333.85229,230.915,186.9041,109.88
Punjab,"Tarn Taran",PMGSY-I,72,0,72,0,0,0,445.69,174.2062,445.19,162.7579,0
Punjab,"Tarn Taran",PMGSY-II,5,0,5,0,0,0,43.56,26.7321,43.66,21.0233,0
Punjab,"Tarn Taran",PMGSY-III,26,10,13,0,13,10,221.76,206.03385,109.786,78.6788,110.65
Rajasthan,Alwar,PMGSY-I,315,0,315,0,0,0,928.18,199.1915,912.885,176.5123,0
Rajasthan,Barmer,PMGSY-III,25,3,25,3,0,0,286.905,165.84077,285.005,124.6066,0
Rajasthan,Bharatpur,PMGSY-II,7,0,7,0,0,0,69.2,39.93924,69.2,30.9691,0
Rajasthan,Bharatpur,PMGSY-III,14,0,14,0,0,0,112.122,75.16447,111.942,62.2124,0
Rajasthan,Bhilwara,PMGSY-II,17,0,17,0,0,0,147.275,52.68093,147.275,43.2471,0
Rajasthan,Churu,PMGSY-I,295,0,295,0,0,0,1715.86,275.6133,1589.755,260.5425,0
Rajasthan,Churu,PMGSY-III,23,0,22,0,1,0,222.74,128.83,224.17,95.003,0.5
Rajasthan,Dausa,PMGSY-I,425,0,425,0,0,0,1277.855,274.8729,1247.286,233.8484,0
Rajasthan,Deeg,PMGSY-I,166,0,166,0,0,0,571.39,109.0053,553.75,103.8543,0
Rajasthan,Jaipur,PMGSY-II,18,0,18,0,0,0,153.417,70.7164,153.422,53.3629,0
Rajasthan,"Kotputli Behror",PMGSY-I,235,0,235,0,0,0,664.85,153.6479,646.386,135.4385,0
Rajasthan,"Kotputli Behror",PMGSY-III,17,0,15,0,2,0,130.193,80.36925,128.95,64.7831,0.393
Rajasthan,Nagaur,PMGSY-I,496,0,496,0,0,0,2278.645,366.0061,2191.9,313.3039,0
Rajasthan,Pratapgarh,PMGSY-II,8,0,8,0,0,0,70,31.2462,70,18.5287,0
Rajasthan,Rajsamand,PMGSY-II,11,0,11,0,0,0,98,47.70859,98,33.7092,0
Rajasthan,Rajsamand,PMGSY-III,23,0,22,0,1,0,245.15,182.49343,244.65,129.6595,0.5
Rajasthan,Salumbar,PMGSY-II,4,0,4,0,0,0,44,21.9598,44,13.1185,0
Rajasthan,Tonk,PMGSY-II,10,0,10,0,0,0,84.075,40.187,84.075,32.0331,0
Sikkim,North,PMGSY-I,112,14,102,9,10,5,451.009,290.9943,409.731,287.1253,34.52
Sikkim,Pakyong,PMGSY-III,5,3,1,0,4,3,24.41,28.89882,10.1,6.4835,14.25
Sikkim,Soreng,PMGSY-II,3,0,1,0,2,0,18,15.584,16.2,10.3917,1.6
Sikkim,South,PMGSY-I,258,14,257,14,1,0,1421.72,594.2179,1408.583,597.3067,0
Sikkim,"West Sikkim",PMGSY-I,114,17,104,12,10,5,739.951,379.2239,705.171,363.6268,23.575
"Tamil Nadu",Coimbatore,PMGSY-II,56,2,56,2,0,0,183.305,79.52724,183.03,80.3042,0
"Tamil Nadu",Cuddalore,PMGSY-II,27,0,27,0,0,0,87.289,37.9344,87.289,38.6719,0
"Tamil Nadu",Dharmapuri,PMGSY-III,66,3,42,1,24,2,287.091,175.52903,270.505,132.1876,16.58
"Tamil Nadu",Dindigul,PMGSY-I,274,0,274,0,0,0,604.428,151.42387,594.451,131.858,0
"Tamil Nadu",Dindigul,PMGSY-II,34,0,34,0,0,0,120.746,56.06482,120.748,55.4039,0
"Tamil Nadu",Erode,PMGSY-II,11,0,11,0,0,0,28.672,9.70103,28.672,10.0326,0
"Tamil Nadu",Kallakurichi,PMGSY-II,29,3,29,3,0,0,95.684,48.27062,95.684,53.3121,0
"Tamil Nadu",Karur,PMGSY-II,26,0,26,0,0,0,83.439,32.8887,83.439,32.5093,0
"Tamil Nadu",Krishnagiri,PMGSY-III,49,8,35,5,14,3,198.32,148.42358,191.405,96.881,6.76
"Tamil Nadu",Mayiladuthurai,PMGSY-I,255,6,255,6,0,0,471.007,243.27293,468.107,230.6614,0
"Tamil Nadu",Namakkal,PMGSY-II,30,0,30,0,0,0,86.151,31.75087,86.156,33.0551,0
"Tamil Nadu",Pudukkottai,PMGSY-I,317,2,317,2,0,0,734.32,217.13178,734.418,175.4299,0
"Tamil Nadu",Ranipet,PMGSY-III,7,0,7,0,0,0,18.032,9.47379,18.03,9.2599,0
"Tamil Nadu",Salem,PMGSY-III,97,0,80,0,17,0,396.459,244.90621,331.697,128.0452,63.863
"Tamil Nadu",Sivagangai,PMGSY-III,120,4,113,4,7,0,597.397,393.79714,555.492,259.0164,40.143
"Tamil Nadu",Thanjavur,PMGSY-II,22,0,22,0,0,0,87.974,43.71158,87.974,45.8812,0
"Tamil Nadu",Theni,PMGSY-II,2,0,2,0,0,0,6.7,2.4943,6.7,2.521,0
"Tamil Nadu",Tiruchirappalli,PMGSY-I,268,1,268,1,0,0,552.955,140.1259,545.514,123.8914,0
"Tamil Nadu",Tirunelveli,PMGSY-III,46,0,39,0,7,0,192.225,102.1219,177.445,66.5062,14.775
"Tamil Nadu",Tiruppur,PMGSY-III,83,1,75,1,8,0,352.71,191.14128,349.214,116.096,3.505
"Tamil Nadu",Tiruvallur,PMGSY-III,32,0,28,0,4,0,96.01,55.45871,91.315,35.6533,0.709
"Tamil Nadu",Tiruvannamalai,PMGSY-II,27,0,27,0,0,0,97.4,33.20386,97.4,31.5563,0
"Tamil Nadu",Tuticorin,PMGSY-III,36,2,23,1,13,1,164.34,101.52025,147.85,59.1579,16.48
Telangana,Adilabad,PMGSY-III,7,7,5,4,2,3,60.545,62.04833,44.62,46.8793,15.05
Telangana,Adilabad,PM-JANMAN,15,0,0,0,15,0,43.875,44.28494,0,0,43.875
Telangana,"Bhadradri Kothagudem",RCPLWEA,30,38,5,20,25,18,239.41,331.14342,103.89,133.0505,134.77
Telangana,"Bhadradri Kothagudem",PMGSY-III,13,9,10,6,3,3,94.782,87.07731,76.014,55.2459,15.42
Telangana,Jangoan,PMGSY-II,3,1,3,1,0,0,16.675,9.695,16.69,8.4956,0
Telangana,"Jogulamba Gadwal",PMGSY-III,7,1,3,0,4,1,37.176,18.63608,15.17,6.7208,21.709
Telangana,Mancherial,PMGSY-I,83,24,81,22,2,2,399.965,162.07359,368.755,204.1638,12.999
Telangana,Mancherial,RCPLWEA,21,21,8,11,13,10,144.886,220.6134,73.014,118.3623,71.482
Telangana,Mancherial,PM-JANMAN,2,0,0,0,2,0,3.25,2.835,0,0,3.25
Telangana,Medak,PMGSY-I,99,6,99,6,0,0,314.96,60.9081,311.917,110.594,0
Telangana,Nagarkurnool,PMGSY-II,3,0,3,0,0,0,35.165,18.185,34.405,15.9254,0
Telangana,Nagarkurnool,PMGSY-III,11,4,9,1,2,3,70.486,51.73822,65.379,36.2104,3.125
Telangana,Nalgonda,PMGSY-III,20,6,6,1,14,5,134.721,93.76009,52.858,44.5449,81.056
Telangana,Narayanpet,PMGSY-II,3,0,3,0,0,0,30.29,18.952,29.853,14.4262,0
Telangana,Peddapalli,PMGSY-I,63,0,63,0,0,0,159.708,22.7232,157.155,40.031,0
Telangana,Peddapalli,PMGSY-II,3,1,3,1,0,0,22.95,13.7895,20.073,12.1216,0
Telangana,"Rajanna Sircilla",PMGSY-I,49,4,49,4,0,0,151.225,28.7581,143.795,53.3743,0
Telangana,"Rajanna Sircilla",PMGSY-III,12,4,1,2,11,2,80.699,58.18098,31.413,25.879,49.532
Telangana,Wanaparthy,PMGSY-II,1,0,1,0,0,0,6.82,4.0783,6.2,2.8984,0
Telangana,Warangal,PMGSY-I,86,4,86,4,0,0,191.539,52.7477,191.579,85.6202,0
Telangana,Warangal,PMGSY-II,4,1,4,1,0,0,27.51,16.3862,23.9,13.4793,0
Telangana,Warangal,PMGSY-III,16,7,9,2,7,5,104.89,104.21227,84.06,70.1408,19.658
Telangana,"Yadadri Bhongiri",PMGSY-II,6,1,6,1,0,0,34,16.2395,31.98,14.415,0
Telangana,"Yadadri Bhongiri",PMGSY-III,15,5,10,3,5,2,69.49,60.61963,41.211,36.0773,24.505
Tripura,Dhalai,PMGSY-II,4,1,3,0,1,1,47.662,70.73037,15.159,35.1477,32.164
Tripura,Dhalai,PMGSY-III,12,3,0,0,12,3,106.886,104.16121,0,0,106.886
Tripura,Gomati,PMGSY-I,186,11,186,11,0,0,796.534,498.7943,765.916,482.446,0
Tripura,Gomati,PMGSY-II,7,0,7,0,0,0,54.642,53.23826,53.899,56.8513,0
Tripura,Gomati,PMGSY-III,20,1,1,0,19,1,148.475,144.96541,10.103,10.1197,138.372
Tripura,Gomati,PM-JANMAN,25,0,0,0,25,0,44.103,44.6882,0,0,44.103
Tripura,"North Tripura",PMGSY-I,121,8,111,5,10,3,485.811,323.1304,438.308,277.4315,42.397
Tripura,Sepahijala,PMGSY-III,15,0,0,0,15,0,114.393,101.17027,0,0,114.393
Tripura,Unakoti,PMGSY-II,3,0,3,0,0,0,17.488,16.9733,17.488,18.5313,0
Tripura,Unakoti,PM-JANMAN,4,0,0,0,4,0,14.021,13.26158,0,0,14.021
"Uttar Pradesh",Agra,PMGSY-III,47,0,46,0,1,0,393.52,308.27603,385.837,245.1146,0.4
"Uttar Pradesh",Amethi,PMGSY-II,17,0,17,0,0,0,106.3,71.95935,106.275,64.0155,0
"Uttar Pradesh",Ayodhya,PMGSY-II,13,0,13,0,0,0,94.1,66.2903,93.87,59.98,0
"Uttar Pradesh",Ayodhya,PMGSY-III,39,0,39,0,0,0,278.575,197.3226,277.43,166.2873,0
"Uttar Pradesh",Badaun,PMGSY-I,250,0,250,0,0,0,596.54,119.03666,587.249,114.3385,0
"Uttar Pradesh",Baghpat,PMGSY-II,16,0,16,0,0,0,118.61,51.37971,117.696,48.9855,0
"Uttar Pradesh",Ballia,PMGSY-I,227,0,226,0,1,0,527.491,156.7021,516.362,143.2851,8.7
"Uttar Pradesh",Banda,PMGSY-II,12,0,12,0,0,0,97.62,56.1237,96.65,52.8161,0
"Uttar Pradesh",Bareilly,PMGSY-II,9,0,9,0,0,0,85.25,41.12541,83.25,41.1244,0
"Uttar Pradesh",Bijnor,PMGSY-I,240,0,240,0,0,0,607.99,117.6318,597.435,106.644,0
"Uttar Pradesh",Deoria,PMGSY-I,173,0,173,0,0,0,578.835,182.1108,572.889,162.2231,0
"Uttar Pradesh",Etawah,PMGSY-I,245,0,245,0,0,0,562.59,143.5727,548.383,136.8036,0
"Uttar Pradesh",Farrukhabad,PMGSY-I,214,0,214,0,0,0,442.285,129.7255,424.764,114.2146,0
"Uttar Pradesh",Firozabad,PMGSY-II,15,0,15,0,0,0,108.25,77.283,103.32,61.2354,0
"Uttar Pradesh",Ghaziabad,PMGSY-II,11,0,11,0,0,0,112.855,53.45658,112.005,44.5876,0
"Uttar Pradesh",Ghazipur,PMGSY-II,12,0,12,0,0,0,89.9,40.2722,89.475,36.448,0
"Uttar Pradesh",Ghazipur,PMGSY-III,62,0,49,0,13,0,417.405,303.30394,406.31,225.3047,5.1
"Uttar Pradesh",Hapur,PMGSY-I,131,0,131,0,0,0,424.57,100.07328,425.04,94.6871,0
"Uttar Pradesh",Hapur,PMGSY-III,13,0,13,0,0,0,95.33,66.6637,92.575,58.4761,0
"Uttar Pradesh",Hathras,PMGSY-I,189,0,189,0,0,0,440.1,105.9981,429.017,98.7266,0
"Uttar Pradesh",J.B.F.Nagar,PMGSY-II,15,0,15,0,0,0,106.62,52.59766,95.061,41.7657,0
"Uttar Pradesh",Jalaun,PMGSY-II,12,0,12,0,0,0,113.8,72.8806,114.1,62.0542,0
"Uttar Pradesh",Jhansi,PMGSY-II,14,0,14,0,0,0,110.42,70.2237,110.24,64.3545,0
"Uttar Pradesh","Kanpur Dehat",PMGSY-II,11,0,11,0,0,0,111.745,99.67319,110.785,78.3722,0
"Uttar Pradesh",Kasganj,PMGSY-III,12,0,12,0,0,0,90.35,55.0185,87.7,43.4667,0
"Uttar Pradesh",Kaushambi,PMGSY-II,18,0,18,0,0,0,120.515,84.9463,119.265,76.4863,0
"Uttar Pradesh",Lakhimpur-Kherii,PMGSY-II,13,0,13,0,0,0,93.825,59.505,92.27,52.9726,0
"Uttar Pradesh",Lalitpur,PMGSY-III,18,0,15,0,3,0,157.17,132.22589,153.212,99.8711,3.82
"Uttar Pradesh",Lucknow,PMGSY-I,286,0,286,0,0,0,704.295,173.87,690.081,161.0642,0
"Uttar Pradesh",Mahoba,PMGSY-I,94,0,94,0,0,0,418.29,105.789,414.5,103.4036,0
"Uttar Pradesh",Mau,PMGSY-I,214,0,214,0,0,0,573.175,156.0495,572.837,154.6465,0
"Uttar Pradesh",Mau,PMGSY-II,11,0,11,0,0,0,109,55.55237,107.36,54.635,0
"Uttar Pradesh",Mirzapur,PMGSY-III,23,0,22,0,1,0,187.965,120.91011,176.83,97.6285,5.7
"Uttar Pradesh",Muzaffarnagar,PMGSY-III,25,0,25,0,0,0,234.3,146.4625,236.288,132.0135,0
"Uttar Pradesh",Pilibhit,PMGSY-I,201,0,201,0,0,0,652.975,146.95,640.109,144.1701,0
"Uttar Pradesh",Prayagraj,PMGSY-III,66,0,54,0,12,0,478.542,436.48762,404.726,332.5562,66.165
"Uttar Pradesh",Rampur,PMGSY-I,274,0,274,0,0,0,776.525,183.53337,750.727,176.2981,0
"Uttar Pradesh","S.K. Nagar",PMGSY-II,9,0,9,0,0,0,84.1,48.7657,83.59,37.6026,0
"Uttar Pradesh",Sambhal,PMGSY-II,14,0,14,0,0,0,108.672,56.49558,108.359,49.2546,0
"Uttar Pradesh",Sambhal,PMGSY-III,26,0,26,0,0,0,189.365,132.8244,184.985,104.3768,0
"Uttar Pradesh",Shahjahanpur,PMGSY-III,52,0,49,0,3,0,373.55,272.22879,365.745,232.0543,4.326
"Uttar Pradesh",Shamli,PMGSY-I,47,0,47,0,0,0,193.67,54.2126,193.41,52.7319,0
"Uttar Pradesh",Shrawasti,PMGSY-III,20,0,20,0,0,0,111.432,78.57414,109.781,71.0568,0
"Uttar Pradesh",Sitapur,PMGSY-I,384,0,384,0,0,0,992.655,327.422,957.959,301.1009,0
"Uttar Pradesh",Sonebhadra,PMGSY-I,170,0,170,0,0,0,896.93,257.4752,870.422,230.5315,0
Uttarakhand,Chamoli,PMGSY-I,237,104,224,87,13,17,2370.62,1374.80472,2296.423,1379.5257,33.735
Uttarakhand,Chamoli,PMGSY-II,9,3,9,3,0,0,92.015,73.2904,91.495,79.5079,0
Uttarakhand,Champawat,PMGSY-III,8,0,0,0,8,0,85.362,67.91754,49.5,33.118,35.862
Uttarakhand,Haridwar,PMGSY-II,5,0,5,0,0,0,31.637,11.6719,31.637,11.4635,0
Uttarakhand,Nainital,PMGSY-III,9,0,3,0,6,0,96.283,75.4575,54.212,38.7865,42.063
Uttarakhand,Pithoragarh,PMGSY-I,233,44,224,39,9,5,2154.874,1281.8412,2089.819,1227.331,15.548
Uttarakhand,Rudraprayag,PMGSY-I,135,26,129,21,6,5,1292.89,675.7518,1262.473,682.2498,11.65
Uttarakhand,Rudraprayag,PMGSY-II,7,2,7,2,0,0,44.915,36.24517,43.2,37.4478,0
Uttarakhand,"Udham Singh Nagar",PMGSY-III,5,0,0,0,5,0,24.589,18.835,6.627,3.1299,17.962
Uttarakhand,Uttarkashi,PMGSY-I,177,26,160,24,17,2,1360.523,700.28381,1306.908,672.7039,33.505
"West Bengal",Cooch-Behar,PMGSY-II,6,4,6,4,0,0,76.575,84.53225,76.113,76.2672,0
"West Bengal",Darjeeling,PMGSY-III,14,0,2,0,12,0,108.784,85.9858,8.297,15.4514,100.487
"West Bengal","Paschim Burdwan",PMGSY-II,4,0,4,0,0,0,36.12,22.78042,35.679,17.8088,0
"West Bengal","Paschim Medinipur",PMGSY-II,19,4,19,4,0,0,169.63,165.81221,169.39,133.7978,0
"West Bengal","Purba Medinipur",PMGSY-III,34,0,0,0,34,0,314.717,240.26852,0,1.05,314.717
"West Bengal",Purulia,PMGSY-III,24,0,5,0,19,0,187.967,114.75549,29.788,16.8734,156.453
